Track URI,Track Name,Album Name,Artist Name(s),Release Date,Duration (ms),Popularity,Explicit,Added By,Added At,Genres,Record Label,Danceability,Energy,Key,Loudness,Mode,Speechiness,Acousticness,Instrumentalness,Liveness,Valence,Tempo,Time Signature
spotify:track:0Z89OBHyGpYcCbnoiZBXNg,"Así lo canto yo (feat. Totó la Momposina)","Que venga la vida","Mónica Giraldo;Totó La Momposina",2014-02-07,220746,24,false,312ctbywossydaez37pttmshkwk4,2025-10-30T19:46:30Z,"bolero,latin folk,nueva trova,latin folklore,cumbia","Mónica Giraldo",0.746,0.375,4,-9.783,0,0.0416,0.811,0.000242,0.117,0.595,92.027,4
spotify:track:0IwaT6XbMoouFqkMIQcAR0,"Gil","Gil","Milo j;Trueno",2025-09-24,233653,70,false,312ctbywossydaez37pttmshkwk4,2025-10-28T15:10:50Z,"argentine trap","Sony Music Latin",0.696,0.59,11,-6.8,0,0.103,0.474,0.0000198,0.539,0.468,99.907,4
spotify:track:3aMYvhmBYhBw5nDxY7PZpc,"Pikito","Pikito","La Gabi",2024-09-05,151333,41,true,312ctbywossydaez37pttmshkwk4,2025-10-14T16:21:04Z,"latin r&b","Ma G Nation",0.706,0.557,6,-5.403,0,0.295,0.127,0.0000021,0.067,0.571,119.258,5
spotify:track:1PI4YcPBLxVBTBu7OYyyBQ,"SMOOTH - Les Twins Remix","SMOOTH (Les Twins Remix)","Les Twins;La Gabi",2025-05-16,193043,46,true,312ctbywossydaez37pttmshkwk4,2025-10-14T16:09:32Z,"latin r&b","Les Twins & LA GABI",0.527,0.656,2,-7.325,1,0.321,0.223,0.0000925,0.0771,0.777,184.042,4
spotify:track:42lpuSQmnLUM1ZXJVzIVOi,"KESI","Mis Manos","Camilo",2021-03-04,177255,61,false,312ctbywossydaez37pttmshkwk4,2024-05-02T13:16:47Z,"colombian pop,pop urbano","Sony Music Latin",0.889,0.756,4,-4.23,1,0.056,0.132,0,0.0996,0.918,122.905,4
spotify:track:6OTGRlCpPGMpPM96g62d2R,"Grecia","Grecia","Elsa y Elmar;Jósean Log;Daniel, Me Estás Matando",2020-01-23,200118,0,false,312ctbywossydaez37pttmshkwk4,2024-05-02T13:17:01Z,"latin indie,mexican indie,latin alternative,bolero","Elsa y Elmar",0.783,0.508,4,-8.92,1,0.0704,0.851,0.000183,0.127,0.295,99.007,4
spotify:track:4PpuZIMmeng6qPicveSI22,"Beso","Háblate de Mí","Jósean Log",2016-10-14,211021,78,false,312ctbywossydaez37pttmshkwk4,2024-05-02T13:17:15Z,"mexican indie,latin indie","Jósean Log",0.793,0.56,7,-8.922,0,0.0324,0.599,0,0.0952,0.862,123.011,4
spotify:track:7lFcRLIrpzjPd2Ytp13Ml3,"Chachachá - acústico","Chachachá (acústico)","Jósean Log",2016-02-09,208271,55,false,312ctbywossydaez37pttmshkwk4,2024-05-02T13:18:24Z,"mexican indie,latin indie","Jósean Log",0.766,0.33,5,-10.066,1,0.0473,0.904,0.0000252,0.103,0.508,109.788,4
spotify:track:6EgQ0qOpwA83iRDSFBNtUc,"Confieso","Confieso","HUMBE",2019-10-28,178320,2,false,312ctbywossydaez37pttmshkwk4,2024-05-02T14:41:14Z,"","Cosmos Records",0.565,0.584,4,-6.511,0,0.0947,0.16,0,0.122,0.801,164.032,4
spotify:track:3Yu5XohK3sDfSg5os4ARFm,"KI-KI","KI-KI","YEИDRY",2022-05-06,141335,44,false,312ctbywossydaez37pttmshkwk4,2024-05-03T00:52:45Z,"","Sony Music Latin/RCA Records",0.944,0.651,0,-6.702,1,0.249,0.127,0.00112,0.0792,0.598,129.985,4
spotify:track:45qyXu23cbQYUqfovmA3Yv,"Mascarade (feat. Lous and The Yakuza) - Radio Edit","Mascarade (feat. Lous and The Yakuza)","YEИDRY;Lous and The Yakuza",2022-01-28,155549,37,false,312ctbywossydaez37pttmshkwk4,2024-05-03T00:52:54Z,"","Sony Music Latin/RCA Records",0.799,0.456,8,-8.499,0,0.263,0.807,0.001,0.119,0.477,141.95,4
spotify:track:02y0eITyfoRiujebMLIz4M,"Barrio","Barrio","YEИDRY",2019-12-06,197742,48,false,312ctbywossydaez37pttmshkwk4,2024-05-03T00:53:02Z,"","Liberator Music",0.818,0.501,2,-10.261,0,0.411,0.38,0.0000785,0.178,0.437,99.971,4
spotify:track:6onn77nAEdFVIbI0gIlXjH,"Algo Está Cambiando - Earth Remix (feat. NATURE)","Algo Está Cambiando - Earth Remix (feat. NATURE)","Bomba Estéreo;Monte;NATURE",2024-04-18,292544,0,false,312ctbywossydaez37pttmshkwk4,2024-05-03T06:06:36Z,"latin alternative,electrocumbia","Sony Music Latin",0.645,0.679,1,-7.163,0,0.0385,0.106,0.0000205,0.0827,0.0665,110.001,4
spotify:track:1wXQg2yZvEfCzgRt1JTLK5,"Toma Que Toma","Toma Que Toma","Toro;Polocorp",2021-07-02,212135,33,false,312ctbywossydaez37pttmshkwk4,2024-05-08T23:38:21Z,"french indie pop,gnawa","Un Plan Simple",0.728,0.963,7,-6.726,1,0.081,0.149,0.817,0.604,0.568,102.503,4
spotify:track:2BDcDkQhKWkeLEi6jHifZ7,"Guajira","San Lazarus","Desta French",2020-07-24,199680,0,false,312ctbywossydaez37pttmshkwk4,2024-05-08T16:30:09Z,"","Unity Rec",0.736,0.465,1,-8.582,0,0.207,0.315,0.0000244,0.131,0.257,98.085,4
spotify:track:1ylLTMHXvLRCGeYaY5VBwd,"Tellem","Tellem","Drea Dury",2022-10-25,201681,27,false,312ctbywossydaez37pttmshkwk4,2024-05-08T16:30:19Z,"kompa,zouk,moroccan rap,latin r&b","Wagram International",0.664,0.617,9,-3.664,0,0.252,0.526,0.0294,0.101,0.693,60.952,5
spotify:track:1jecO8NeYLsVWVptITz4c1,"Tú","Tú","maye",2019-09-06,206611,66,false,312ctbywossydaez37pttmshkwk4,2024-05-08T16:30:28Z,"latin indie,latin alternative","EO Entertainment & Pink Poetry",0.732,0.555,5,-7.973,1,0.0326,0.627,0,0.112,0.73,114.982,4
spotify:track:4vf86rvT51NZtZHeLB1noi,"Mi manera de querer","Mi manera de querer","Natalia Lafourcade",2022-10-26,233800,34,false,312ctbywossydaez37pttmshkwk4,2024-05-08T16:30:35Z,"latin folk,bolero,latin indie,latin alternative,latin folklore","Sony Music México",0.67,0.585,2,-9.473,1,0.169,0.65,0.000168,0.165,0.582,78.269,4
spotify:track:1B2VkQw5htPR1MpuKkM4jA,"Aparecer (feat. Orestes Gomez)","Aparecer (feat. Orestes Gomez)","Noa Sainz;ALONG;Orestes Gomez",2021-06-30,324656,19,false,312ctbywossydaez37pttmshkwk4,2024-05-08T16:30:44Z,"latin r&b,latin indie,latin jazz,lo-fi beats","WM Mexico",0.7,0.363,10,-7.567,0,0.16,0.318,0,0.122,0.499,73.972,4
spotify:track:6EvN04vgLsZpLxNphVyr5Y,"Modo Avión","Modo Avión","Sabrina Claudio",2023-05-26,181463,0,false,312ctbywossydaez37pttmshkwk4,2024-05-08T19:00:27Z,"","SC ENTERTAINMENT",0.605,0.652,7,-8.439,1,0.0981,0.568,0.0217,0.159,0.415,163.931,4
spotify:track:4YfenXjiKqYlp1WSIOerAL,"Que Quede Claro","Que Quede Claro","Babe Mija",2021-04-27,204232,6,false,312ctbywossydaez37pttmshkwk4,2024-05-08T19:00:37Z,"latin r&b","Babe Mija",0.449,0.44,5,-10.118,0,0.0424,0.793,0.0465,0.0856,0.12,139.983,4
spotify:track:34OTrVKZbPuSIy7uDASKVQ,"Not The One","Not The One","Zöelle",2022-10-13,144901,0,false,312ctbywossydaez37pttmshkwk4,2024-05-08T19:00:49Z,"latin r&b","pink nebula records",0.774,0.475,5,-9.632,0,0.0977,0.18,0.000144,0.26,0.591,97.944,4
spotify:track:0UGxC1uqeDHBmAU4Pvd8xi,"Mi Condena","Mi Condena","Vic Mirallas;MARO",2020-06-19,172319,38,false,312ctbywossydaez37pttmshkwk4,2024-05-08T19:58:35Z,"","WM Spain",0.834,0.621,11,-6.63,0,0.402,0.334,0.000686,0.184,0.723,153.939,4
spotify:track:6rY4MRNrBF47w8CE3Hyvaz,"rosa de amor","Secret Place","Strings & Heart",2023-07-13,202466,36,false,312ctbywossydaez37pttmshkwk4,2024-05-10T19:36:11Z,"christian folk,christian pop,christian alternative rock,christian,worship","ReyVol Records / Heaven Music",0.417,0.2,8,-9.998,1,0.0318,0.909,0,0.115,0.313,70.059,4
spotify:track:0zkPY5HjDwraDSJtAidTCb,"Mi Querer","Pescador de Sueños","Ramon Chicharron",2020-05-22,238861,41,false,312ctbywossydaez37pttmshkwk4,2024-05-10T22:05:33Z,"","RAY-ON",0.772,0.754,11,-7.501,0,0.0352,0.0354,0.00218,0.349,0.921,119.997,4
spotify:track:6iYurd8rUYCoQTAi1V9XUn,"Herrera","Herrera","YEИDRY",2023-02-10,157268,38,false,312ctbywossydaez37pttmshkwk4,2024-05-10T22:14:54Z,"","Sony Music Latin/RCA Records",0.837,0.459,4,-8.217,0,0.0488,0.617,0.00096,0.12,0.589,129.992,4
spotify:track:1ke6DDQfH9iW2g1abrUdua,"Cafeliko","Cómo decirte, mi amor","Jimena Amarillo",2021-10-29,127119,0,false,312ctbywossydaez37pttmshkwk4,2024-05-10T22:32:49Z,"","Mushroom Pillow",0.809,0.475,7,-9.221,0,0.0423,0.443,0.0000483,0.21,0.578,95.999,4
spotify:track:276TmAUm4AyKkCUiF1hwVK,"After","After","DEVA",2021-07-16,130666,2,true,312ctbywossydaez37pttmshkwk4,2024-05-10T22:35:39Z,"latin r&b","DEVA distributed by Altafonte",0.686,0.392,9,-9.11,0,0.177,0.486,0.0284,0.108,0.331,179.841,4
spotify:track:0UlOugUajezBfTpzwO77Ny,"Apretao","Pescador de Sueños","Ramon Chicharron;Boogát",2020-05-22,193647,30,false,312ctbywossydaez37pttmshkwk4,2024-05-10T22:38:53Z,"electrocumbia","RAY-ON",0.848,0.621,7,-7.226,1,0.0803,0.0444,0.000382,0.0696,0.958,109.999,4
spotify:track:58aAmFZYaIn6Xucr4CN6i9,"Roma","Roma","Rodrigo Solo;maye",2018-11-02,172916,31,false,312ctbywossydaez37pttmshkwk4,2024-05-10T22:40:40Z,"latin folk,latin indie,latin alternative","Rodrigo Solo",0.732,0.257,2,-16.797,0,0.0471,0.665,0.00263,0.131,0.442,129.023,4
spotify:track:3N6VuAJpYc18VWMZtBbnzx,"Ya Nunca Lo Sabrás","Kiribati","Guillem Roma;Daniel, Me Estás Matando",2021-03-23,155453,43,false,312ctbywossydaez37pttmshkwk4,2024-05-10T22:46:48Z,"bolero,mexican indie,latin indie","U98 Music",0.903,0.315,7,-11.482,1,0.0737,0.717,0.000321,0.199,0.741,105.018,4
spotify:track:3ZbbcpcCcgsWjTNVRzVZ5c,"La Luna","Háblate de Mí","Jósean Log",2016-10-14,243419,61,false,312ctbywossydaez37pttmshkwk4,2024-05-10T22:50:08Z,"mexican indie,latin indie","Jósean Log",0.815,0.309,7,-9.952,1,0.0435,0.327,0.000117,0.17,0.706,174.064,4
spotify:track:21iJNBkKbsIwALHDEqiesL,"Tengo Lo Que Tengo","Tengo Lo Que Tengo","Jimena Angel",2020,203664,0,false,312ctbywossydaez37pttmshkwk4,2024-05-10T22:56:42Z,"latin afrobeats","Elis Records",0.801,0.617,6,-8.028,0,0.0804,0.701,0.0996,0.112,0.601,99.971,4
spotify:track:0KEOd7905yKFvfi1u5dBWB,"El Diablo","El Diablo","YEИDRY",2020-10-30,169523,37,false,312ctbywossydaez37pttmshkwk4,2024-05-10T22:57:47Z,"","Liberator Music/Sony Music Latin/RCA Records",0.897,0.42,2,-9.736,1,0.0916,0.128,0.0017,0.0937,0.804,125.998,4
spotify:track:0yrPBI6TUysAU0OQbbd7IH,"Planeando El Tiempo","Rey","Elsa y Elmar",2015-09-23,155133,0,false,312ctbywossydaez37pttmshkwk4,2024-05-10T23:01:12Z,"latin indie,mexican indie,latin alternative","Elsa y Elmar",0.685,0.5,0,-10.911,1,0.0353,0.211,0.00196,0.117,0.605,142.526,4
spotify:track:6r1c5qESJcjOqZSeCSQ5cW,"POCO @ POCO","POCO @ POCO","Ana Mancebo",2021-04-23,163764,23,false,312ctbywossydaez37pttmshkwk4,2024-05-10T23:04:34Z,"latin r&b,zouk","Ana Mancebo",0.571,0.597,0,-7.246,0,0.137,0.797,0.0136,0.104,0.62,169.858,4
spotify:track:58cLm4PaHNt8DDr9ayZnNz,"Doma","Háblate de Mí","Jósean Log",2016-10-14,188612,75,false,312ctbywossydaez37pttmshkwk4,2024-05-10T23:08:55Z,"mexican indie,latin indie","Jósean Log",0.693,0.537,5,-7.444,0,0.0285,0.0025,0,0.0975,0.556,136.992,4
spotify:track:3vgiIJW3iSQRRvgYiW86i9,"Brillo","Vibras","J Balvin;ROSALÍA",2018-05-25,159573,67,false,312ctbywossydaez37pttmshkwk4,2024-05-10T23:12:00Z,"reggaeton,latin","UMLE - Latino",0.524,0.384,9,-10.049,0,0.36,0.89,0,0.0964,0.768,145.947,4
spotify:track:1zDuB9BuEt9Bm3J8OtKEvq,"Combustión","Háblame de Tú","Jósean Log",2018-01-26,238480,64,false,312ctbywossydaez37pttmshkwk4,2024-05-10T23:23:05Z,"mexican indie,latin indie","Jósean Log",0.749,0.37,4,-12.344,0,0.0486,0.386,0.00000177,0.0929,0.237,124.927,4
spotify:track:6x4hov4il890wqz0eIvSgo,"Por Favor","Por Favor","HUMBE",2019-08-26,209226,59,false,312ctbywossydaez37pttmshkwk4,2024-05-10T23:30:34Z,"","Cosmos Records",0.635,0.673,4,-5.142,1,0.038,0.264,0,0.351,0.713,93.067,4
spotify:track:1eSyd9vioPTsZ9kRkmnc2u,"sola con mi gata","cuatro veces 10","Elsa y Elmar",2020-05-01,112800,0,false,312ctbywossydaez37pttmshkwk4,2024-05-10T23:40:56Z,"latin indie,mexican indie,latin alternative","Elsa y Elmar",0.796,0.442,0,-10.017,0,0.041,0.561,0.00000103,0.102,0.724,100.007,4
spotify:track:2K3bjojp1sCLdMMoO5lJ2p,"Milionària","Fucking Money Man","ROSALÍA",2019-07-03,138370,54,true,312ctbywossydaez37pttmshkwk4,2024-05-15T08:05:20Z,"latin","Columbia",0.857,0.574,8,-6.441,1,0.416,0.602,0.00000124,0.0663,0.906,116.008,4
spotify:track:6b37xrsNCWYIUphFBazqD6,"Me Gustas Tu","Próxima Estación: Esperanza","Manu Chao",2001-06-01,239986,81,false,312ctbywossydaez37pttmshkwk4,2024-05-18T06:29:00Z,"latin alternative","Radio Bemba",0.657,0.741,11,-6.822,0,0.0825,0.663,0.494,0.222,0.908,175.949,4
spotify:track:3tt9i3Hhzq84dPS8H7iSiJ,"La Bachata","2000","Manuel Turizo",2023-03-17,162637,80,false,312ctbywossydaez37pttmshkwk4,2024-05-18T06:41:53Z,"reggaeton,pop urbano,colombian pop,latin","Sony Music Latin/La Industria",0.835,0.679,7,-5.329,0,0.0364,0.583,0.00000198,0.218,0.85,124.98,4
spotify:track:2jG2P21A1c45YU0Z1euaNB,"Me Duele","Me Duele","Bomba Estéreo;Manu Chao",2022-09-14,196733,55,false,312ctbywossydaez37pttmshkwk4,2024-05-18T06:45:07Z,"latin alternative,electrocumbia","Elegancia Tropical LLC",0.59,0.877,9,-4.19,0,0.0391,0.364,0.357,0.0362,0.919,99.979,4
spotify:track:5bi0gh89wRuH2OgjdAKFsb,"Santa","Santa","Rvssian;Rauw Alejandro;Ayra Starr",2024-04-04,193038,73,false,312ctbywossydaez37pttmshkwk4,2024-06-12T23:26:47Z,"trap latino,reggaeton,urbano latino,latin,afrobeats,afrobeat,afropop,afro r&b,afropiano,afro soul","Sony Music Latin",0.725,0.709,3,-5.017,0,0.129,0.321,0.000189,0.114,0.648,99.993,4
spotify:track:0aBJ9bW9YslRg2yOGkKmTJ,"Señal","Cosmovidencias 01","Wet Baes",2019-06-28,362033,2,false,312ctbywossydaez37pttmshkwk4,2024-07-13T11:45:45Z,"mexican indie,latin indie,vaporwave","Bludot Recordings",0.504,0.531,10,-11.833,0,0.0881,0.734,0.219,0.111,0.243,82.064,4
spotify:track:54KEm0VI9i3ic7VHHKHKRx,"¿Cómo Así?","ORQUÍDEAS","Kali Uchis",2024-01-12,169654,56,false,312ctbywossydaez37pttmshkwk4,2024-07-13T12:16:47Z,"","Geffen Records",0.722,0.821,6,-7.662,0,0.0892,0.0417,0.346,0.154,0.379,135.985,4
spotify:track:00Ab7huoVjqKfhtzzu8vYE,"Señor","Señor","Desta French",2021-08-13,150184,0,false,312ctbywossydaez37pttmshkwk4,2024-07-13T12:19:19Z,"","Unity Rec",0.755,0.728,1,-6.985,0,0.0406,0.306,0.205,0.0874,0.709,112.978,4
spotify:track:096o8GqNVbk3JIU8Rq1oPc,"Guantanamo","Bread & Barrels Of Water","Outlandish",2003-06-30,296200,56,false,312ctbywossydaez37pttmshkwk4,2024-07-19T12:53:11Z,"dansk pop","RCA Records Label",0.799,0.675,9,-6.847,0,0.263,0.51,0.0000999,0.0955,0.944,92.019,4
spotify:track:6UR5tB1wVm7qvH4xfsHr8m,"Disfruto","Déjenme Llorar","Carla Morrison",2012-03-27,244973,57,false,312ctbywossydaez37pttmshkwk4,2024-07-25T07:33:59Z,"latin indie","Cosmica Artists",0.658,0.133,1,-11.254,0,0.0352,0.901,0,0.106,0.122,91.054,4
spotify:track:5496lks6V3fh1mZAB6IAap,"Alibi (with Pabllo Vittar & Yseult)","Alibi (with Pabllo Vittar & Yseult)","Sevdaliza;Pabllo Vittar;Yseult",2024-06-28,161655,75,false,312ctbywossydaez37pttmshkwk4,2024-07-30T05:43:19Z,"brazilian pop,funk pop,tecnobrega,french r&b","Twisted Elegance",0.741,0.754,11,-5.412,0,0.0327,0.00526,0.00000821,0.125,0.717,126.98,4
spotify:track:6otePxalBK8AVa20xhZYVQ,"MIENTRAS ME CURO DEL CORA","MAÑANA SERÁ BONITO","KAROL G",2023-02-24,164386,75,false,312ctbywossydaez37pttmshkwk4,2024-09-10T23:01:27Z,"reggaeton,latin,urbano latino","BICHOTA RECORDS / INTERSCOPE RECORDS / UNIVERSAL MUSIC LATINO",0.564,0.477,0,-6.786,1,0.388,0.852,0,0.142,0.57,80.891,4
spotify:track:3k3NWokhRRkEPhCzPmV8TW,"Ojitos Lindos","Un Verano Sin Ti","Bad Bunny;Bomba Estéreo",2022-05-06,258298,87,false,312ctbywossydaez37pttmshkwk4,2024-09-17T22:10:50Z,"reggaeton,trap latino,latin,urbano latino,latin alternative,electrocumbia","Rimas Entertainment LLC",0.647,0.686,3,-5.745,0,0.0413,0.08,0.00000134,0.528,0.268,79.928,4
spotify:track:3SdwgzRoY5ZnDt3tsiva5F,"(sola)","(sola)","Paloma Morphy",2024-07-05,148677,24,false,312ctbywossydaez37pttmshkwk4,2024-09-21T03:41:41Z,"latin indie,mexican indie","BAM Songs SA de CV / Sony Music Entertainment México SA de CV",0.61,0.664,8,-5.959,0,0.254,0.741,0.00031,0.104,0.889,165.882,4
spotify:track:70VKe2la96bP5mCcR3C7q7,"Amor Criminal","Amor Criminal","Sofia Monroy",2024-09-04,146346,12,false,312ctbywossydaez37pttmshkwk4,2024-09-21T03:49:24Z,"latin indie","Universal Music Mexico",0.839,0.715,7,-6.121,0,0.0374,0.13,0.0142,0.117,0.795,114.946,4
spotify:track:2lpPq3i7uANtmWobtskOAW,"me faltas tú","me faltas tú","Paloma Morphy",2024-05-24,109027,19,false,312ctbywossydaez37pttmshkwk4,2024-09-22T03:10:28Z,"latin indie,mexican indie","BAM Songs SA de CV / Sony Music Entertainment México SA de CV",0.796,0.386,4,-9.515,1,0.309,0.627,0.000289,0.0723,0.538,151.967,4
spotify:track:5KbBVSj6AJZ5662fO8EYFh,"El Merengue","Sugar Papi","Marshmello;Manuel Turizo",2023-11-03,189668,79,false,312ctbywossydaez37pttmshkwk4,2024-09-25T14:44:49Z,"edm,reggaeton,pop urbano,colombian pop,latin","Sony Music Latin",0.777,0.774,8,-3.079,0,0.0553,0.0895,0.000401,0.0909,0.661,123.982,4
spotify:track:3T5zhPkfR37B1aSnzBvu5N,"Tempo","Sugar Papi","Marshmello;Young Miko",2023-11-03,107906,51,true,312ctbywossydaez37pttmshkwk4,2024-09-25T14:59:19Z,"edm,trap latino","Sony Music Latin",0.901,0.672,1,-4.222,0,0.0616,0.206,0.000796,0.102,0.716,129.1,4
spotify:track:6O1t46G1166Do832RqrUE2,"Yo soy Diosa","Yo soy Diosa","Loli Cosmica;Kittsy Flor",2020-11-28,272000,45,false,312ctbywossydaez37pttmshkwk4,2024-10-03T21:25:31Z,"","Loli Cosmica",0.664,0.29,9,-14.502,0,0.0879,0.76,0,0.314,0.877,115.593,4
spotify:track:6lEr0uF4mJJAODSXfQ6WvR,"Yo no Necesito de Mucho","Laura Itandehui","Laura Itandehui",2021-07-16,171750,55,false,312ctbywossydaez37pttmshkwk4,2024-10-03T21:33:41Z,"latin folk,bolero","Laura Itandehui",0.888,0.0777,4,-18.506,1,0.353,0.889,0,0.061,0.771,122.747,4
spotify:track:1X1vW0xDpkOS35ZxcPqLv6,"MAFIOSA","MAFIOSA","NATHY PELUSO",2021-07-07,266217,56,false,312ctbywossydaez37pttmshkwk4,2024-10-04T01:10:06Z,"","Sony Music Entertainment",0.617,0.668,1,-5.694,1,0.109,0.384,0.00000535,0.0807,0.852,180.083,4
spotify:track:4Dl8bEzhAEGbcwkQawS1XG,"Antes de Morirme - feat. ROSALÍA","Antes de Morirme (feat. ROSALÍA)","C. Tangana;ROSALÍA",2016-07-05,199994,29,false,312ctbywossydaez37pttmshkwk4,2024-10-04T01:12:11Z,"latin","Agorazein distributed by Altafonte",0.864,0.497,8,-8.886,0,0.18,0.0736,0.00308,0.108,0.133,97.93,4
spotify:track:2iIBpwP4FyQ95xgVail3yr,"No_se_ve.mp3","No_se_ve.mp3","Emilia;LUDMILLA;ZECCA",2023-05-03,203636,68,true,312ctbywossydaez37pttmshkwk4,2024-10-06T22:32:31Z,"argentine trap,pagode,brazilian pop,funk pop,brazilian funk,pagode baiano,funk carioca,techengue","2023 WK Records",0.765,0.66,11,-5.059,0,0.0822,0.0858,0.0000335,0.151,0.577,132.048,4
spotify:track:4WefXOf8I4gMjdj2kBJgkl,"Patadas de Ahogado","Patadas de Ahogado","LATIN MAFIA;HUMBE",2023-11-02,224835,75,false,312ctbywossydaez37pttmshkwk4,2024-10-13T20:14:37Z,"latin r&b","Home Made Records",0.437,0.381,1,-10.254,1,0.245,0.73,0.000284,0.135,0.435,182.568,4
spotify:track:5uPk2k0l5jT7txfQOI05aG,"Una Salida","Mientras Tú Dormías","Carla Morrison",2010-10-26,221797,0,false,312ctbywossydaez37pttmshkwk4,2024-10-13T20:14:58Z,"latin indie","Carla Morrison Musica/Cosmica Records",0.769,0.317,0,-9.083,0,0.0388,0.8,0,0.0692,0.453,106.573,3
spotify:track:1QSvHSBcPlSlHhsntszy85,"Te Conocí en Japón","ENTROPÍA","HUMBE",2021-03-12,188525,56,false,312ctbywossydaez37pttmshkwk4,2024-10-13T20:16:15Z,"","Sony Music México",0.563,0.535,0,-8.963,1,0.0695,0.396,0,0.306,0.816,169.893,4
spotify:track:5rZAeASTONLTiJz3oN3qtO,"Recuerdos","Pescador de Sueños","Ramon Chicharron;Djely Tapa",2020-05-22,202319,19,false,312ctbywossydaez37pttmshkwk4,2024-10-13T20:17:08Z,"afro tech","RAY-ON",0.741,0.597,6,-7.282,0,0.0334,0.328,0.00441,0.134,0.273,120.016,4
spotify:track:50Jd7tX7dMu79Oknn7sXSW,"Compartir","Mientras Tú Dormías","Carla Morrison",2010-10-26,257091,1,false,312ctbywossydaez37pttmshkwk4,2024-10-13T20:20:50Z,"latin indie","Carla Morrison Musica/Cosmica Records",0.504,0.311,11,-10.594,1,0.046,0.549,0.00000131,0.19,0.466,207.019,3
spotify:track:6P5xwFrF6WCBl8fNmjLQwS,"Yo Sigo Aqui","El Pasado","INNA",2024-04-05,179296,28,false,312ctbywossydaez37pttmshkwk4,2024-10-13T20:21:32Z,"europop","Global Records",0.813,0.584,5,-8.087,0,0.124,0.541,0.0215,0.0974,0.602,93.098,4
spotify:track:5HUC4InJ0q2HI4K7lnb34r,"No Quise","Háblame de Tú","Jósean Log",2018-01-26,201186,47,false,312ctbywossydaez37pttmshkwk4,2024-10-13T20:21:46Z,"mexican indie,latin indie","Jósean Log",0.475,0.325,0,-13.56,1,0.0398,0.0715,0.0000817,0.0616,0.0794,142.366,5
spotify:track:2h5MjaqDZmazfJGyOe48Y0,"Ni Tan Novios, Ni Tan Amigos","La Neta","Pedro Capó",2022-12-02,201903,53,false,312ctbywossydaez37pttmshkwk4,2024-10-13T20:22:11Z,"latin pop","Sony Music Latin",0.595,0.439,6,-9.641,1,0.287,0.539,0,0.309,0.637,174.039,4
spotify:track:4SutBECg5t8YqY1hz8SbwX,"Ojos de Serpiente","Ojos de Serpiente","DORA",2020-03-06,171145,33,false,312ctbywossydaez37pttmshkwk4,2024-10-13T20:22:33Z,"","Dora Records",0.597,0.272,2,-12.422,0,0.112,0.707,0,0.153,0.341,126.83,4
spotify:track:4hjxm4OOqQcwB0Oi8wDV2N,"Niña de Mis Ojos","Niña de Mis Ojos","La Isla Centeno",2023-05-12,193545,23,false,312ctbywossydaez37pttmshkwk4,2024-10-13T20:23:19Z,"bolero,latin indie,latin folk","La Isla Centeno",0.592,0.3,11,-12.728,0,0.035,0.773,0.00000236,0.0803,0.652,84.974,4
spotify:track:60S6OqCPR6yDi8hVmbVHPR,"Sabré Olvidar","Primeras Canciones","Silvana Estrada",2018-12-14,247959,14,false,312ctbywossydaez37pttmshkwk4,2024-10-13T20:23:44Z,"latin folk,mexican indie,latin indie","Silvana Estrada",0.331,0.57,7,-8.109,1,0.0561,0.637,0.000281,0.0783,0.38,185.928,3
spotify:track:6z8sQFj47s9ZG0Ls1k9Gct,"Dime tú","Dime tú","Danny Ocean",2019-10-25,210302,67,false,312ctbywossydaez37pttmshkwk4,2024-10-13T20:25:47Z,"reggaeton","Atlantic Records",0.831,0.648,2,-8.433,1,0.0438,0.581,0,0.114,0.171,117.98,4
spotify:track:4cZeYBolIupzN4skAOOthX,"Sábana y Banano","Suave Bruta","Ëda Diaz",2024-02-02,194240,14,false,312ctbywossydaez37pttmshkwk4,2024-10-13T20:26:11Z,"","Airfono",0.655,0.509,2,-8.8,1,0.0843,0.597,0.531,0.0952,0.374,102.766,4
spotify:track:1O3G2vhJYjqnPWZFKQjGSE,"Dártelo","Nave Especial","Ruzzi;Gepe",2018-11-11,197328,7,false,312ctbywossydaez37pttmshkwk4,2024-10-13T20:26:48Z,"latin indie,mexican indie,latin alternative,latin folk","Ruzzi",0.582,0.536,2,-11.493,0,0.145,0.827,0.00352,0.0845,0.697,183.996,4
spotify:track:4JW6IXXhfmoL9Y5aCiFac1,"Teléfono","Teléfono","Delfina Dib",2019-11-08,191020,12,false,312ctbywossydaez37pttmshkwk4,2024-10-13T20:27:13Z,"latin r&b","DIZI RECORDS",0.826,0.412,1,-12.632,0,0.0698,0.526,0.0000644,0.133,0.71,98.039,4
spotify:track:2XA5q5FBwqrlkGBzzOOVeK,"Porfa no te vayas","Resiliencia","Beret;Morat",2022-11-11,209712,70,false,312ctbywossydaez37pttmshkwk4,2024-10-13T20:28:56Z,"colombian pop,latin pop","WM Spain",0.589,0.853,10,-5.14,1,0.0581,0.371,0,0.137,0.792,171.976,4
spotify:track:0leCG4CC25NRMXOxQ2Jmti,"Quien encendió la luz","La Cantera","Guitarricadelafuente",2022-05-06,206270,47,false,312ctbywossydaez37pttmshkwk4,2024-10-13T20:29:34Z,"","Sony Music Entertainment",0.631,0.63,6,-8.347,0,0.116,0.544,0.0000292,0.196,0.436,101.187,4
spotify:track:6Ih6h9g3dUDc4MvIunXv6g,"x ti","x ti","Paula Cendejas",2022-06-03,161445,33,false,312ctbywossydaez37pttmshkwk4,2024-10-13T20:31:33Z,"latin r&b","WM Spain",0.795,0.29,7,-11.464,0,0.653,0.36,0,0.505,0.497,87.994,4
spotify:track:6VeRaKlXkQKS2TO2zAn7UJ,"En Cantos","En Cantos","iLe;Natalia Lafourcade",2020-04-23,212958,35,false,312ctbywossydaez37pttmshkwk4,2024-10-13T20:32:09Z,"latin indie,latin alternative,latin folk,bolero,latin folklore","Sony Music Latin",0.522,0.646,3,-8.543,0,0.168,0.426,0.00149,0.36,0.267,94.934,4
spotify:track:0bgWDZRBMpiGPg1V6pnzoL,"CAFE Y ALCOHOL","RUBEDO","CARMEN MARÍA",2024-05-08,186624,29,false,312ctbywossydaez37pttmshkwk4,2024-10-13T20:32:28Z,"trova","Carmen María Records",0.703,0.539,11,-8.421,0,0.0721,0.258,0.0000117,0.208,0.177,119.989,4
spotify:track:0YI8Xk2HdIU5SRY3SAy0b0,"Personita Buena","Realismo Mágico","Carlos Sadness",2024-04-12,203858,37,false,312ctbywossydaez37pttmshkwk4,2024-10-13T20:32:51Z,"latin indie","Sony Music Entertainment",0.765,0.648,7,-7.332,1,0.123,0.419,0.0101,0.104,0.605,110.061,4
spotify:track:3ObQ1tmqMbTNr1v8Xvse9X,"No Sé Decirte No","No Sé Decirte No","Marco Mares",2018-10-26,231366,31,false,312ctbywossydaez37pttmshkwk4,2024-10-13T20:33:25Z,"mexican indie,latin indie","Marco Mares",0.387,0.662,10,-8.195,1,0.0569,0.299,0.00000144,0.197,0.689,95.754,4
spotify:track:4qApGI6Nt1Mryef3KLJTY0,"Barco del Tiempo","Dar Vida","Debi Nova;Kany García",2024-05-23,235413,34,false,312ctbywossydaez37pttmshkwk4,2024-10-13T20:34:01Z,"bachata,latin pop","Sony Music Latin",0.694,0.355,8,-9.103,1,0.0855,0.754,0.00000614,0.105,0.608,144.056,4
spotify:track:3QGHR9YV1iHOomq4FSxk2M,"Algo Se Enciende","El Tiempo Locura Todo","Jósean Log",2020-08-14,214240,50,false,312ctbywossydaez37pttmshkwk4,2024-10-13T20:34:32Z,"mexican indie,latin indie","Jósean Log",0.673,0.4,7,-7.012,1,0.0458,0.701,0,0.103,0.355,131.086,4
spotify:track:1SItv3YEX2txYK9mkbSKqD,"YA","YA","YEИDRY",2021-05-28,175029,31,false,312ctbywossydaez37pttmshkwk4,2024-10-13T20:35:00Z,"","Sony Music Latin/RCA Records",0.573,0.515,6,-7.209,0,0.364,0.524,0,0.391,0.599,162.857,4
spotify:track:4khWEpnaijN0G1x019Uzdr,"No Se Va","Balas Perdidas","Morat",2018-10-25,216752,76,false,312ctbywossydaez37pttmshkwk4,2024-10-13T20:35:28Z,"colombian pop,latin pop","Universal Music Spain S.L.",0.734,0.685,0,-5.37,1,0.0453,0.117,0,0.109,0.754,92.044,4
spotify:track:2HafqoJbgXdtjwCOvNEF14,"Si No Estás","Si No Estás","Íñigo Quintero",2022-09-23,184061,79,false,312ctbywossydaez37pttmshkwk4,2024-10-13T20:35:44Z,"","Acqustic",0.537,0.421,5,-8.72,1,0.0285,0.827,0,0.138,0.524,98.224,4
spotify:track:3iHJm7dUroZYvbqrhobLZs,"Siempre me quedará","Pafuera Telarañas","Bebe",2004,229373,57,false,312ctbywossydaez37pttmshkwk4,2024-10-13T20:36:09Z,"","Parlophone Spain",0.756,0.578,9,-7.369,0,0.118,0.442,0.00552,0.18,0.771,77.064,4
spotify:track:1Cxd4ZJJ9VOQQpNcpdcZEQ,"Cuando Nadie Ve","Cuando Nadie Ve","Morat",2018-06-08,219184,58,false,312ctbywossydaez37pttmshkwk4,2024-10-13T20:38:15Z,"colombian pop,latin pop","Universal Music Spain S.L.",0.804,0.788,1,-4.586,0,0.0598,0.118,0,0.215,0.837,96.007,4
spotify:track:1cvSHX6jBzX93A6b6Q1j3K,"Te Guardo","Primeras Canciones","Silvana Estrada",2018-12-14,201674,18,false,312ctbywossydaez37pttmshkwk4,2024-10-13T20:38:38Z,"latin folk,mexican indie,latin indie","Silvana Estrada",0.44,0.387,4,-9.748,0,0.0519,0.899,0.000243,0.0892,0.172,100.504,5
spotify:track:13N9dHnUuR0W5MvzFYko5a,"Se Acabó (feat. Mozart La Para)","Se Acabó (feat. Mozart La Para)","YEИDRY;Mozart La Para",2021-02-05,186216,31,false,312ctbywossydaez37pttmshkwk4,2024-10-13T20:39:20Z,"dembow","Sony Music Latin/RCA Records",0.838,0.647,8,-6.761,0,0.202,0.119,0.000156,0.0817,0.432,92.017,4
spotify:track:1WH3iquIQXnSPwUzlROT8R,"Quiéreme Mientras Se Pueda","Dopamina","Manuel Turizo",2021-04-09,191945,72,false,312ctbywossydaez37pttmshkwk4,2024-10-13T20:44:04Z,"reggaeton,pop urbano,colombian pop,latin","Sony Music Latin/La Industria",0.793,0.782,4,-3.945,1,0.0582,0.447,0,0.124,0.81,143.86,4
spotify:track:0pgj4EzB1XRqgZemoMNG5D,"Por Primera Vez","Por Primera Vez","Camilo;Evaluna Montaner",2020-04-17,182708,65,false,312ctbywossydaez37pttmshkwk4,2024-10-13T20:44:26Z,"colombian pop,pop urbano","Sony Music Latin",0.72,0.606,1,-3.54,1,0.116,0.143,0,0.0824,0.805,165.882,4
spotify:track:0Yq9F5wyQPrVVgS2veVxvp,"Veinte Años","Veinte Años","Nella;YEИDRY",2024-04-05,204310,24,false,312ctbywossydaez37pttmshkwk4,2024-10-13T20:45:55Z,"","Sony Music Latin",0.679,0.5,7,-8.566,0,0.0723,0.662,0.00291,0.0785,0.366,87.03,4
spotify:track:2kVtMvrlcK5SRxZvdHgTzn,"Mi Suerte","Balas Perdidas (Edición Especial)","Morat",2018-10-25,213271,69,false,312ctbywossydaez37pttmshkwk4,2024-10-13T20:46:10Z,"colombian pop,latin pop","Universal Music Spain S.L.",0.642,0.662,1,-5.05,0,0.0437,0.238,0,0.107,0.487,83.007,4
spotify:track:35ttE4t8lQZA2vuCYDg4G7,"M.A.I","111","Milo j",2023-11-30,184027,80,false,312ctbywossydaez37pttmshkwk4,2024-10-13T20:46:24Z,"argentine trap","DALE PLAY Records",0.364,0.572,10,-5.861,0,0.0341,0.758,0,0.229,0.514,80.363,4
spotify:track:70AYiGbc4mWZGEqiipBBDb,"CANDY","MOTOMAMI","ROSALÍA",2022-03-18,193488,63,false,312ctbywossydaez37pttmshkwk4,2024-10-13T20:48:19Z,"latin","Columbia",0.638,0.49,4,-5.726,0,0.226,0.885,0.0116,0.156,0.403,179.905,4
spotify:track:56f5qnyAlZdlz8wrUDA50h,"Desconocidos","Para Aventuras y Curiosidades","Mau y Ricky;Manuel Turizo;Camilo",2019-05-03,204488,72,true,312ctbywossydaez37pttmshkwk4,2024-10-13T20:49:00Z,"latin pop,reggaeton,pop urbano,colombian pop,latin","Sony Music Latin",0.719,0.753,7,-4.891,1,0.179,0.118,0.00000421,0.212,0.675,174.107,4
spotify:track:2CNpOXQzoJwWC6YMssLmQY,"Contigo","El Renacimiento","Carla Morrison",2022-04-29,237466,41,false,312ctbywossydaez37pttmshkwk4,2024-10-13T20:49:34Z,"latin indie","Cosmica Artists",0.414,0.413,2,-6.381,1,0.0434,0.68,0,0.121,0.244,178.599,3
spotify:track:7tQ24skemknA6PPh6gwFi1,"Mejores Amigos","Mejores Amigos","Yera;Morat",2019-09-26,205369,63,false,312ctbywossydaez37pttmshkwk4,2024-10-13T20:51:09Z,"colombian pop,pop urbano,latin pop","Universal Music Spain S.L.",0.624,0.74,4,-6.965,1,0.0363,0.156,0,0.103,0.905,89.983,4
spotify:track:4hi9OTFKomNUlAIhp1fmap,"Bailar Contigo","Encanto Tropical","Monsieur Periné",2018-05-18,218773,59,false,312ctbywossydaez37pttmshkwk4,2024-10-13T20:51:35Z,"colombian pop,latin alternative,latin indie","Sony Music Entertainment",0.795,0.623,1,-7.592,0,0.0479,0.738,0.000856,0.141,0.681,101.011,4
spotify:track:35u3Isd3DuXKAEC7JCC0lB,"Somos Dos","Amanecer","Bomba Estéreo",2015-06-02,239644,56,false,312ctbywossydaez37pttmshkwk4,2024-10-13T20:51:59Z,"latin alternative,electrocumbia","Sony Music Latin",0.691,0.874,5,-5.279,0,0.0639,0.027,0.0107,0.289,0.924,97.997,4
spotify:track:6pTKWN96v1dpEaBMzDYlww,"Extrañándote","Extrañándote","Zhamira ;Jay Wheeler",2023-12-08,183157,71,false,312ctbywossydaez37pttmshkwk4,2024-10-13T20:53:46Z,"reggaeton","Dynamic Records / EMPIRE",0.741,0.452,11,-9.434,0,0.25,0.222,0,0.296,0.482,151.939,4
spotify:track:1qbql17v0Hazo94o5RUyWQ,"KINTSUGI","KINTSUGI","HUMBE",2024-09-26,237908,65,false,312ctbywossydaez37pttmshkwk4,2024-10-13T20:54:04Z,"","PARASIEMPRE.wav Records",0.373,0.464,4,-8.606,0,0.256,0.86,0.0135,0.127,0.301,79.503,3
spotify:track:0dilU0GG83rIpX8dXXz9Tz,"Como Lo Pedí","Deja","Bomba Estéreo;Leonel García",2021-09-10,245280,43,false,312ctbywossydaez37pttmshkwk4,2024-10-13T20:54:36Z,"latin alternative,electrocumbia","Sony Music Latin",0.754,0.808,0,-4.42,1,0.0335,0.354,0.0357,0.435,0.38,120.005,4
spotify:track:2RVrdr062uLFxXwIxwdXPH,"Te Amo","Te Amo","Piso 21;Paulo Londra",2018-03-15,201122,70,false,312ctbywossydaez37pttmshkwk4,2024-10-13T20:54:58Z,"reggaeton,colombian pop,pop urbano,argentine trap,trap latino","WM Mexico",0.849,0.724,5,-4.139,1,0.0665,0.0204,0.00000598,0.235,0.63,98.005,4
spotify:track:31YHWv22Lyv9iKBepk3guM,"ELLA TIENE","ELLA TIENE","NATHY PELUSO;Tiago PZK",2023-09-15,196800,55,false,312ctbywossydaez37pttmshkwk4,2024-10-13T20:56:03Z,"argentine trap,urbano latino","5020 Records / Sony Music Entertainment",0.857,0.663,0,-5.316,0,0.0414,0.244,0,0.0925,0.9,130.009,4
spotify:track:0wTsnnay9PtGkZ106xC7LZ,"Por Si Apareces","Que Se Joda Todo Lo Demás","Alice Wonder",2021-05-14,273506,41,false,312ctbywossydaez37pttmshkwk4,2024-10-13T20:56:59Z,"","Infarto Producciones",0.48,0.408,7,-10.184,0,0.0497,0.648,0,0.0977,0.474,119.43,5
spotify:track:1d3MCruiyQ5ooxKwWawtBg,"Me Llamaste","Me Llamaste","Youdiel",2020-12-12,202943,39,false,312ctbywossydaez37pttmshkwk4,2024-10-13T20:58:22Z,"christian reggaeton,christian hip hop,christian reggae","LAygriega",0.644,0.48,0,-9.863,1,0.106,0.424,0,0.0898,0.329,180.09,4
spotify:track:0mlAOSILGRys2IbvyOT5VJ,"Échame La Culpa","VIDA","Luis Fonsi;Demi Lovato",2019-02-01,173800,75,false,312ctbywossydaez37pttmshkwk4,2024-10-13T20:58:36Z,"latin","UMLE - Latino",0.733,0.897,0,-3.652,1,0.0389,0.0391,0,0.117,0.649,96.006,4
spotify:track:5ddFjrPG8NgQQ6xlOQIVd2,"Tú Me Dejaste De Querer","El Madrileño","C. Tangana;Niño de Elche;La Húngara",2021-02-26,198493,74,false,312ctbywossydaez37pttmshkwk4,2024-10-13T20:58:51Z,"flamenco,flamenco pop,flamenco urbano","Sony Music Entertainment",0.823,0.723,4,-4.778,0,0.229,0.311,0.00315,0.0998,0.505,83.97,4
spotify:track:7LoVdDyI1wKwJZEgrYlycC,"Como Tu","El Pasado","INNA",2024-04-05,239603,33,false,312ctbywossydaez37pttmshkwk4,2024-10-13T20:59:09Z,"europop","Global Records",0.731,0.416,1,-11.095,0,0.177,0.818,0.0024,0.0845,0.301,111.036,4
spotify:track:1fTjqf10accJCDYstPwwZ6,"OHNANA","OHNANA","Kapo",2024-06-06,156577,74,false,312ctbywossydaez37pttmshkwk4,2024-10-14T12:15:19Z,"latin afrobeats","Sony Music Latin/La Industria",0.775,0.581,1,-3.621,0,0.108,0.617,0.00000833,0.0957,0.658,104.977,4
spotify:track:5QjmUqgpPQgXgg4606DqZF,"UWAIE","UWAIE","Kapo",2024-08-15,172427,75,false,312ctbywossydaez37pttmshkwk4,2024-10-14T12:15:34Z,"latin afrobeats","Sony Music Latin/La Industria",0.705,0.783,9,-4.783,0,0.0403,0.138,0,0.0984,0.454,103.001,4
spotify:track:0X5HXaCChNuO6MY91TyslN,"SEB","SEB","Paloma Morphy",2024-10-04,181576,21,false,312ctbywossydaez37pttmshkwk4,2024-10-14T12:15:48Z,"latin indie,mexican indie","BAM Songs SA de CV / Sony Music Entertainment México SA de CV",0.915,0.363,11,-10.252,0,0.0561,0.869,0.0124,0.0907,0.383,118.04,4
spotify:track:3SK45LddxlEkzI8OWO9Eyo,"Ingobernable","El Madrileño","C. Tangana;Gipsy Kings;Nicolás Reyes;Tonino Baliardo",2021-02-26,187053,70,false,312ctbywossydaez37pttmshkwk4,2024-10-14T12:16:16Z,"flamenco,flamenco pop,flamenco urbano","Sony Music Entertainment",0.705,0.757,6,-5.608,0,0.0656,0.195,0.000228,0.0524,0.737,104.973,4
spotify:track:3t2nOnte5Wp9jbvMenZedH,"traguito","traguito","iLe;Mon Laferte",2022-09-15,236200,32,false,312ctbywossydaez37pttmshkwk4,2024-10-14T12:16:54Z,"latin indie,latin alternative,latin folk","Sony Music Latin",0.82,0.394,7,-7.945,0,0.0364,0.664,0.000103,0.0999,0.374,130.001,4
spotify:track:4uijW6H7ftPNzqde22mtWJ,"suspiro","FOMO","Paula Cendejas",2023-01-27,179318,17,false,312ctbywossydaez37pttmshkwk4,2024-10-14T12:17:04Z,"latin r&b","WM Spain",0.786,0.535,11,-9.055,1,0.341,0.455,0.0023,0.078,0.504,176.072,4
spotify:track:1pJeLDLduCZS4hLuc1JByJ,"Como habla una mujer (feat. C. Tangana)","Como habla una mujer (feat. C. Tangana)","Paula Cendejas;C. Tangana",2020-06-18,206889,51,false,312ctbywossydaez37pttmshkwk4,2024-10-14T12:17:23Z,"latin r&b","WM Spain",0.667,0.766,11,-4.907,0,0.156,0.389,0.0000285,0.208,0.496,179.945,4
spotify:track:6N9hiZx8ZvZznXjaWoiPJ1,"PAENAMORAR","PAENAMORAR","Paula Cendejas",2023-10-27,178701,34,false,312ctbywossydaez37pttmshkwk4,2024-10-14T12:17:38Z,"latin r&b","WM Spain",0.561,0.318,0,-9.025,0,0.0755,0.338,0,0.118,0.227,155.805,4
spotify:track:71M1szVbVYZM5M6QlIm6aC,"Sueño (con Pablo Alborán)","Prisma","Beret;Pablo Alborán",2019-10-25,185482,58,false,312ctbywossydaez37pttmshkwk4,2024-10-14T12:18:08Z,"latin pop","WM Spain",0.667,0.613,8,-5.604,0,0.0412,0.372,0,0.174,0.54,105.064,4
spotify:track:5rLZ3TnjlpcSho1Q2XhnMh,"Catalina","Catalina","Jaz Malignani",2024-08-30,185000,24,false,312ctbywossydaez37pttmshkwk4,2024-10-14T12:18:37Z,"","Distribución Digital Integral",0.445,0.323,7,-11.331,1,0.0802,0.88,0.000144,0.116,0.377,171.194,3
spotify:track:52IC2WhOKhEX85zZqxfJCV,"Nada lo cambia","Contragolpe","Paula Cendejas",2021-07-02,186847,13,false,312ctbywossydaez37pttmshkwk4,2024-10-14T12:18:55Z,"latin r&b","WM Spain",0.546,0.511,9,-8.705,0,0.232,0.187,0.00000173,0.251,0.329,183.977,4
spotify:track:1bjbn61QLOt2sf96LE55Ng,"Despecho Nuevo","Despecho Nuevo","Nibal;Paula Cendejas",2020-10-30,217638,26,false,312ctbywossydaez37pttmshkwk4,2024-10-14T12:19:22Z,"latin r&b","WM Mexico",0.44,0.396,1,-7.724,1,0.0911,0.685,0.0000198,0.162,0.471,157.382,4
spotify:track:6XKuWmmRaBiq9FvZuo7yNf,"Viaje","Viaje","Nibal",2021-09-10,202325,17,false,312ctbywossydaez37pttmshkwk4,2024-10-14T12:19:54Z,"","WM Mexico",0.618,0.593,0,-5.059,1,0.177,0.0115,0.000989,0.103,0.492,91.977,4
spotify:track:5bhDL4GgUvr5LBrpjqyrte,"Lo Malo","Lo Malo","Aitana;Ana Guerra",2018-04-06,180831,48,false,312ctbywossydaez37pttmshkwk4,2024-10-14T12:20:40Z,"","Universal Music Spain S.L.",0.71,0.739,9,-4.414,1,0.0453,0.363,0.00000183,0.0613,0.784,94.993,4
spotify:track:7vHzOI0lrq6dXsHuQWpBpT,"Lo Malo - Remix","Lo Malo (Remix)","Aitana;Ana Guerra;Greeicy;TINI",2018-08-23,184009,48,false,312ctbywossydaez37pttmshkwk4,2024-10-14T12:20:49Z,"colombian pop,pop urbano,latin pop","Universal Music Spain S.L.",0.703,0.737,1,-4.397,0,0.0469,0.289,0.00000141,0.111,0.604,95,4
spotify:track:1KdwnsWOvhM53vezy5ROuf,"No Te Debí Besar","No Te Debí Besar","C. Tangana;Paloma Mami",2019-09-12,182815,64,false,312ctbywossydaez37pttmshkwk4,2024-10-14T12:21:05Z,"chilean trap,reggaeton chileno","Sony Music Entertainment",0.672,0.684,9,-5.682,0,0.316,0.125,0.0261,0.183,0.62,75.233,3
spotify:track:1FlL8ycld6uVDDyhV7P5FA,"Cúrame","VICE VERSA","Rauw Alejandro",2021-12-10,164705,76,true,312ctbywossydaez37pttmshkwk4,2024-10-14T18:25:22Z,"reggaeton,trap latino,urbano latino,latin","Sony Music Latin/Duars Entertainment",0.765,0.625,9,-3.599,0,0.0548,0.584,0.00111,0.112,0.262,102.101,4
spotify:track:1ItgJjKs4DIG9wWh9vaKwP,"Grabándote:)","Los Rompecorazones, Vol. 2","Kidd Voodoo;Swift 047",2024-02-29,157375,56,true,312ctbywossydaez37pttmshkwk4,2024-10-14T23:13:51Z,"reggaeton chileno,chilean trap","Kidd Voodoo",0.768,0.619,7,-4.146,0,0.0413,0.219,0.000601,0.192,0.423,109.982,4
spotify:track:1imMKWefOnErqB5PKISqpx,"Primera Vez","El Pasado","INNA",2024-04-05,170414,35,false,312ctbywossydaez37pttmshkwk4,2024-10-17T12:09:14Z,"europop","Global Records",0.818,0.356,11,-9.897,0,0.322,0.78,0.00913,0.0964,0.466,119.813,4
spotify:track:4nFDjLt6B26zHLmc1Tz8rn,"Nosotras","Contragolpe","Paula Cendejas",2021-07-02,167954,20,false,312ctbywossydaez37pttmshkwk4,2024-10-17T12:09:25Z,"latin r&b","WM Spain",0.652,0.586,8,-7.878,1,0.372,0.203,0,0.0627,0.54,128.481,5
spotify:track:2vcSVZPq2lFAnlvCotuPtU,"Un Veneno","El Madrileño (La Sobremesa)","C. Tangana;Niño de Elche",2022-02-18,193293,54,false,312ctbywossydaez37pttmshkwk4,2024-10-17T12:09:49Z,"flamenco","Sony Music Entertainment",0.689,0.288,2,-14.29,1,0.305,0.871,0.000843,0.105,0.311,82.348,4
spotify:track:0jwBcbhXvy9ulQoIKsls7x,"Tu cama (feat. Jesse Baez)","Tu cama (feat. Jesse Baez)","Paula Cendejas;Jesse Baez",2019-01-25,189534,37,false,312ctbywossydaez37pttmshkwk4,2024-10-17T12:10:04Z,"latin r&b,latin indie","WM Spain",0.503,0.615,10,-7.053,1,0.166,0.129,0.00088,0.13,0.468,175.151,3
spotify:track:2SCSAWTpFb0R3LEAFTwgW2,"tarántula","Otras Alas","Natalia Lacunza",2019-06-20,189250,34,false,312ctbywossydaez37pttmshkwk4,2024-10-17T12:10:25Z,"","Universal Music Spain S.L.",0.929,0.431,7,-9.265,0,0.0498,0.00102,0.00104,0.21,0.606,125.04,4
spotify:track:4axxCbc4tWlpqHP5UbJMc3,"Ptazeta: Bzrp Music Sessions, Vol. 45/66","Ptazeta: Bzrp Music Sessions, Vol. 45/66","Bizarrap;Ptazeta",2021-10-06,161485,60,false,312ctbywossydaez37pttmshkwk4,2024-10-17T12:10:55Z,"argentine trap,trap latino,urbano latino","DALE PLAY Records",0.829,0.81,2,-4.801,1,0.144,0.0424,0,0.0748,0.707,114.044,4
spotify:track:4iGnpp1h0i33lpoP42Y8Jt,"Quieres","Quieres","Aitana;Emilia;Ptazeta",2022-07-21,213666,59,false,312ctbywossydaez37pttmshkwk4,2024-10-17T12:11:15Z,"argentine trap","Universal Music Spain S.L.",0.796,0.646,11,-3.925,0,0.158,0.0744,0,0.127,0.663,180.03,4
spotify:track:5fghgRsc8a3pSDXtjQ238F,"Trakatá","Trakatá","Ptazeta;FARIANA;Juacko",2021-03-11,178064,55,false,312ctbywossydaez37pttmshkwk4,2024-10-17T12:11:32Z,"dembow,urbano latino","Sony Music Entertainment",0.906,0.626,5,-5.533,1,0.254,0.127,0.00000656,0.0546,0.561,93.03,4
spotify:track:7MDtCoqlYHEmMEzoXNKrVE,"Déjame Llevarte","Viaje","Nibal;Corina Smith",2021-09-10,175404,17,false,312ctbywossydaez37pttmshkwk4,2024-10-20T20:36:49Z,"trap latino","WM Mexico",0.688,0.666,4,-3.751,1,0.315,0.0923,0,0.113,0.649,193.995,4
spotify:track:39lfcFfY57azZZdUWst0HD,"Provoca","EMIL","EMIL;Ezio Oliva",2021-06-23,180661,29,false,312ctbywossydaez37pttmshkwk4,2024-10-20T20:53:36Z,"urbano latino,salsa,timba,latin pop","La Causa Records",0.678,0.753,8,-4.635,1,0.0842,0.118,0,0.233,0.866,87.973,4
spotify:track:1tw2PaWSfFMUn7XXCklbWE,"Nueva Versión","Nueva Versión","Keityn",2021-10-28,166097,36,false,312ctbywossydaez37pttmshkwk4,2024-10-20T20:56:30Z,"urbano latino,pop urbano","WEA Latina",0.724,0.654,0,-5.425,1,0.0783,0.487,0.0313,0.213,0.481,82.014,4
spotify:track:0eRmodYJ8FYmTHD3gCAkBC,"Despecho Nuevo","Viaje","Nibal;Paula Cendejas",2021-09-10,217638,16,false,312ctbywossydaez37pttmshkwk4,2024-10-20T20:59:40Z,"latin r&b","WM Mexico",0.44,0.396,1,-7.724,1,0.0911,0.685,0.0000198,0.162,0.471,157.382,4
spotify:track:28oJRwJBE741HvOIlZI0L9,"Se Te Olvidó","Se Te Olvidó","Juan Vegas",2020-11-13,163931,12,false,312ctbywossydaez37pttmshkwk4,2024-10-20T21:02:14Z,"","WM Mexico",0.911,0.625,8,-6.571,1,0.249,0.187,0.000087,0.285,0.628,100.105,4
spotify:track:4ki07OxnhAu6PT5iViZxye,"Poema","Flow Romántico","Las Villa",2021-12-10,155638,31,false,312ctbywossydaez37pttmshkwk4,2024-10-20T21:07:38Z,"","WEA Latina",0.794,0.824,8,-4.081,1,0.284,0.434,0.0000883,0.0808,0.783,161.988,4
spotify:track:1xTqc2imkRiKqOI0MFcHgd,"Sin Querer","Despierto","Alejandro Santamaria;Kobi Cantillo",2022-04-01,202040,16,false,312ctbywossydaez37pttmshkwk4,2024-10-20T21:13:46Z,"colombian pop,pop urbano","UMLE - Latino",0.535,0.751,5,-5.205,1,0.153,0.168,0,0.111,0.502,90.055,4
spotify:track:2E880PEgADvBOgORH5X3FO,"Me Llego","Viaje","Nibal",2021-09-10,177209,0,false,312ctbywossydaez37pttmshkwk4,2024-10-20T21:14:34Z,"","WM Mexico",0.527,0.603,7,-8.041,0,0.107,0.229,0.0000115,0.1,0.321,171.941,4
spotify:track:4XB0vg8h372nFERT8F9Gu6,"Zoom","Me Siento Bien","Alan Wittels",2024-10-17,179400,24,false,312ctbywossydaez37pttmshkwk4,2024-10-20T21:19:40Z,"latin afrobeats","Universal Music Mexico",0.84,0.797,11,-4.386,1,0.131,0.0272,0,0.114,0.576,99.044,4
spotify:track:71Y3NqAH0HrLCL2lu8xjQA,"SESENTAYNUEVE","amarcura","Alan Wittels",2022-11-18,122866,15,false,312ctbywossydaez37pttmshkwk4,2024-10-20T21:33:16Z,"latin afrobeats","Universal Music Mexico",0.861,0.502,7,-4.429,1,0.086,0.0844,0.00000265,0.173,0.478,92.951,4
spotify:track:1EzQPD0G8QsexMYV0Z4DzR,"TANTO","TANTO","West Blanco;Vibarco",2024-10-17,188106,22,true,312ctbywossydaez37pttmshkwk4,2024-10-20T21:40:39Z,"pop urbano,urbano latino","Universal Music Colombia S.A.S.",0.793,0.717,10,-6.433,0,0.0561,0.0641,0,0.0563,0.608,90.058,4
spotify:track:1IGxOYCTuLgbAZJYeuiWkQ,"Ojos Cafe","Ojos Cafe","Natan & Shander",2021-07-08,172130,39,false,312ctbywossydaez37pttmshkwk4,2024-10-20T21:42:41Z,"reggaeton","Black Koi Entertainment",0.913,0.564,0,-5.784,1,0.0927,0.104,0.00000206,0.0991,0.769,90.017,4
spotify:track:2KbDqOveWc2vInJ4QiSeuX,"Maviri","Maviri","Mont",2021-03-19,135797,43,false,312ctbywossydaez37pttmshkwk4,2024-10-20T21:46:22Z,"reggaeton mexa","Room28",0.857,0.648,1,-4.615,1,0.0601,0.363,0.0014,0.133,0.529,95.031,4
spotify:track:4xU4XeklG562EnanWzpY3A,"wiggy","wiggy","Young Miko",2023-07-21,146559,59,true,312ctbywossydaez37pttmshkwk4,2024-11-03T00:45:31Z,"trap latino","The Wave Music Group",0.85,0.788,4,-5.137,1,0.288,0.0405,0,0.0829,0.717,93.004,4
spotify:track:2cp4UPogxUQerNHJbO792a,"DUELE","DUELE","Kenny Rivers",2022-03-11,152128,20,false,312ctbywossydaez37pttmshkwk4,2024-11-03T00:53:36Z,"christian reggaeton,christian hip hop,christian reggae,christian","1692304 Records DK2",0.753,0.719,10,-3.225,0,0.0318,0.22,0,0.192,0.865,140.085,4
spotify:track:1DDnBdpxKrFZ8GTfMSe9jS,"Grillete","Hermon","Abdi",2021-08-27,158600,30,false,312ctbywossydaez37pttmshkwk4,2024-11-03T00:54:09Z,"christian reggaeton,christian reggae,christian hip hop","Cinematix Music Group",0.826,0.54,1,-4.578,1,0.0552,0.184,0.000516,0.118,0.816,93.004,4
spotify:track:3CIl8hlnMcULSIIhUMmB1Z,"FULANITO","ESQUEMAS","Becky G;El Alfa",2022-05-13,157883,60,false,312ctbywossydaez37pttmshkwk4,2024-11-03T01:11:25Z,"reggaeton,latin,dembow,urbano latino","Kemosabe Records/RCA Records/Sony Music Latin",0.938,0.832,7,-4.613,0,0.195,0.22,0.00000131,0.121,0.832,111.928,4
spotify:track:0rAeNKbIk1PPyUfqwJxWCZ,"Cafeliko","Cómo decirte, mi amor","Jimena Amarillo",2021-10-29,127119,51,false,312ctbywossydaez37pttmshkwk4,2024-11-12T05:28:12Z,"","Mushroom Pillow",0.809,0.475,7,-9.221,0,0.0423,0.443,0.0000483,0.21,0.578,95.999,4
spotify:track:39QAXvwHUxFLDWUbTt0VP4,"Rrrrico","Sol","¿Téo?",2021-06-11,115173,42,false,312ctbywossydaez37pttmshkwk4,2024-11-14T07:54:40Z,"","49 Digits LLC",0.883,0.431,9,-9.624,1,0.433,0.698,0.0238,0.0794,0.34,98.956,4
spotify:track:1hZsWUnLbqRw09jLAMQSsb,"CLASSY 101","FERXXOCALIPSIS","Feid;Young Miko",2023-12-01,195586,75,true,312ctbywossydaez37pttmshkwk4,2024-11-21T19:26:47Z,"reggaeton,urbano latino,trap latino","UMLE - Latino",0.858,0.665,11,-4.772,1,0.152,0.126,0,0.119,0.659,100.09,4
spotify:track:5pVJ3IlnpIorU44oXizzG5,"orióN","orióN","Boza;ELENA ROSE",2024-05-29,240964,73,false,312ctbywossydaez37pttmshkwk4,2025-01-06T04:59:40Z,"reggaeton,latin afrobeats,urbano latino","Sony Music Latin",0.857,0.705,1,-4.775,1,0.183,0.322,0.00249,0.197,0.874,105.011,4
spotify:track:4G3PTss3mU33Tau7t4KbwE,"Tattoo - Remix with Camilo","Afrodisíaco","Rauw Alejandro;Camilo",2020-11-13,222680,72,false,312ctbywossydaez37pttmshkwk4,2024-12-28T11:18:05Z,"reggaeton,trap latino,urbano latino,latin,colombian pop,pop urbano","Sony Music Latin/Duars Entertainment",0.721,0.637,9,-5.134,1,0.286,0.0406,0,0.0525,0.691,193.922,4
spotify:track:5Pz8gWDuyF07TwvqFdmlsD,"Arráncame las ganas - Primer Conjuro","Arráncame las ganas (Primer Conjuro)","Duina Del Mar",2020-11-13,141822,0,false,312ctbywossydaez37pttmshkwk4,2025-01-10T00:30:20Z,"colombian pop","Independiente",0.746,0.744,9,-4.92,1,0.191,0.5,0.00654,0.0901,0.529,180.103,4
spotify:track:0g5dlQUamND1QwiY1yLD6I,"No Me Toques Mal","No Me Toques Mal","Santiago Navas;La Muchacha",2020-02-07,238709,42,true,312ctbywossydaez37pttmshkwk4,2025-01-10T00:32:41Z,"latin folk","Santiago Navas",0.757,0.621,6,-8.315,0,0.436,0.653,0.0000168,0.0829,0.672,185.727,4
spotify:track:2bEY8kgDAQLQJQdHSlpKii,"Hola (mami k te tomas)","La Mesa de Saibu Vol.1 : Bellakeo Mexa","SAIBU;Charly Gynn",2024-09-12,172018,13,true,312ctbywossydaez37pttmshkwk4,2025-01-13T04:26:48Z,"reggaeton mexa,neoperreo","DALE PLAY Records / Solido Records",0.856,0.662,0,-4.246,1,0.151,0.109,0.0000236,0.097,0.85,158.015,4
spotify:track:1mlGScrDQqHqmhdIqE8MmA,"Besos En Guerra","Balas Perdidas","Morat;Juanes",2018-10-25,231532,77,false,312ctbywossydaez37pttmshkwk4,2025-01-16T23:53:31Z,"colombian pop,latin pop,rock en español","Universal Music Spain S.L.",0.691,0.973,2,-3.586,1,0.048,0.126,0,0.101,0.783,143.961,4
spotify:track:11EnQRgRMJwMAesfkB5pnu,"Se Te Nota (with Guaynaa)","Se Te Nota (with Guaynaa)","Lele Pons;Guaynaa",2020-09-02,155825,68,false,312ctbywossydaez37pttmshkwk4,2025-01-17T00:03:53Z,"reggaeton","Shots Studios & Music/10:22pm/Interscope Records",0.905,0.686,0,-3.152,1,0.0664,0.0907,0,0.266,0.963,103.013,4
spotify:track:6VsqdsaY4oV06NODea0L0J,"POR EL CONTRARIO (with Ángela Aguilar & Leonardo Aguilar)","ESQUINAS","Becky G;Ángela Aguilar;Leonardo Aguilar",2023-09-28,185207,75,false,312ctbywossydaez37pttmshkwk4,2025-01-17T00:06:55Z,"reggaeton,latin,mariachi,ranchera,banda,música mexicana","Kemosabe Records/RCA Records/Sony Music Latin",0.475,0.666,11,-4.962,0,0.0312,0.644,0.000012,0.0988,0.765,159.744,4
spotify:track:5vj59ONIVbyhcrI8ZSwoRo,"Sofia","Eterno Agosto","Alvaro Soler",2016-07-15,210466,71,false,312ctbywossydaez37pttmshkwk4,2025-01-23T23:33:47Z,"","Airforce1",0.688,0.729,2,-5.939,1,0.0315,0.109,0,0.225,0.909,127.998,4
spotify:track:0fea68AdmYNygeTGI4RC18,"LA CANCIÓN","OASIS","J Balvin;Bad Bunny",2019-06-28,242573,92,false,312ctbywossydaez37pttmshkwk4,2025-01-24T23:49:47Z,"reggaeton,latin,trap latino,urbano latino","Universal Music Latino / Rimas",0.756,0.646,7,-5.795,1,0.319,0.152,0.0000181,0.108,0.429,176.088,4
spotify:track:6s9PpYbExKlHuJ8JMyep21,"Bing Bong","Bing Bong","Yailin la Mas Viral;Puyalo Pantera",2024-11-06,123591,46,true,312ctbywossydaez37pttmshkwk4,2025-01-24T03:14:33Z,"dembow","Iris Live Music, LLC",0.92,0.797,10,-4.622,0,0.109,0.0087,0.000407,0.212,0.775,134.035,4
spotify:track:4n3OzPpoNDyHKKu7AeMV5P,"Silla","Silla","Yailin la Mas Viral;Puyalo Pantera",2024-12-20,141355,39,true,312ctbywossydaez37pttmshkwk4,2025-01-24T05:13:21Z,"dembow","Iris Live Music, LLC",0.828,0.619,0,-4.683,1,0.224,0.0035,0.00000184,0.0985,0.78,86.003,3
spotify:track:5MVCWWnNKaWnVMaCvj6TKU,"RD","RD","Alejandro Armes;Soyneel;DJ Nelson",2024-08-23,166880,53,false,312ctbywossydaez37pttmshkwk4,2025-01-24T10:02:48Z,"reggaeton","LA ARMERIA MUSIC",0.703,0.547,8,-8.933,1,0.325,0.437,0.000116,0.111,0.271,104.885,4
spotify:track:6De0lHrwBfPfrhorm9q1Xl,"Me Rehúso","Me Rehúso","Danny Ocean",2016-09-16,205714,77,false,312ctbywossydaez37pttmshkwk4,2025-01-24T23:53:29Z,"reggaeton","Atlantic Records",0.744,0.804,1,-6.327,1,0.0677,0.0231,0,0.0494,0.426,104.823,4
spotify:track:0STW8nw4lNN4TEQ8KmNer6,"Parte & Choke","Parte & Choke","Jombriel;Alex Krack;Jøtta",2024-11-05,205264,73,false,312ctbywossydaez37pttmshkwk4,2025-01-26T10:38:31Z,"salsa choke,rkt","WEA Latina",0.728,0.654,5,-3.976,0,0.365,0.00581,0,0.131,0.884,117.337,5
spotify:track:5Etwr8GddDDAwuTK84m5JI,"Dream Girl - Global Remix","Dream Girl (Global Remix)","Ir Sais;Sean Paul;Davido",2020-10-09,212405,42,false,312ctbywossydaez37pttmshkwk4,2025-01-27T05:44:50Z,"kizomba,dancehall,afrobeats,afrobeat,afropop,afropiano,azonto,amapiano,hiplife,afroswing,afro r&b","Sony Music Latin",0.605,0.736,9,-4.609,0,0.271,0.1,0.00000278,0.169,0.526,107.308,5
spotify:track:2LTV5uUh07nhEEWacmWrfo,"TANTO PARA NADA","RUBEDO","CARMEN MARÍA",2024-05-08,160124,44,false,312ctbywossydaez37pttmshkwk4,2025-01-27T05:48:50Z,"trova","Carmen María Records",0.516,0.329,11,-9.075,1,0.189,0.476,0,0.0957,0.51,101.737,4
spotify:track:4jwybqSDcLJPjKXUilJb2D,"Que Fluya","Que Fluya","Yera;Andy G",2020-04-02,201875,37,true,312ctbywossydaez37pttmshkwk4,2025-01-27T05:49:38Z,"colombian pop,pop urbano","Universal Music Spain S.L.",0.709,0.695,8,-5.41,1,0.0714,0.62,0,0.689,0.919,96.048,4
spotify:track:2oVYnyDY1NA9SmJrxXhyWd,"a otro lado","ep2 🌧","Natalia Lacunza",2020-03-12,183083,42,false,312ctbywossydaez37pttmshkwk4,2025-01-27T05:50:06Z,"","Universal Music Spain S.L.",0.741,0.3,7,-10.506,0,0.397,0.463,0,0.135,0.427,119.711,5
spotify:track:3fbPAnQhNaUlIMaYtyNvk9,"CALOR","CALOR","Nicky Jam;Beéle",2023-08-31,200769,64,false,312ctbywossydaez37pttmshkwk4,2025-01-28T12:57:34Z,"reggaeton,latin,latin afrobeats","Sony Music Latin",0.774,0.744,6,-4.929,0,0.0429,0.256,0.00183,0.102,0.813,104.017,4
spotify:track:7B7LeO0Kds6A2b2XmbAcLf,"No Sufriré Por Nadie - En Vivo","No Sufriré Por Nadie (En Vivo)","Corazón Serrano;Grupo BerEn",2024-03-22,208021,58,false,312ctbywossydaez37pttmshkwk4,2025-01-30T13:11:51Z,"cumbia,chicha,huayno,cumbia norteña,electrocumbia,popular colombian music,ranchera","Corazon Serrano - Corporación Guerrero & Asociados",0.424,0.825,9,-8.902,1,0.0879,0.553,0.000145,0.958,0.844,107.441,3
spotify:track:5H1mAzh396id1TPT0JaItz,"Persona Ideal","Millenium Hits","Adolescent's Orquesta",1999-10-18,281260,70,false,312ctbywossydaez37pttmshkwk4,2025-02-02T14:49:31Z,"salsa,merengue","KORTA RECORDS",0.467,0.715,2,-4.916,0,0.0324,0.398,0,0.114,0.841,97.765,4
spotify:track:6WatFBLVB0x077xWeoVc2k,"Si Antes Te Hubiera Conocido","Si Antes Te Hubiera Conocido","KAROL G",2024-06-21,195824,83,false,312ctbywossydaez37pttmshkwk4,2025-02-03T02:16:37Z,"reggaeton,latin,urbano latino","Bichota/Interscope Records",0.924,0.668,11,-6.795,1,0.0469,0.446,0.000594,0.0678,0.787,128.027,4
spotify:track:0R6NfOiLzLj4O5VbYSJAjf,"La Diabla","La Diabla","Xavi",2023-11-30,172264,74,false,312ctbywossydaez37pttmshkwk4,2025-02-03T11:01:36Z,"corridos tumbados,corrido,corridos bélicos,sad sierreño,sierreño,banda,música mexicana","Interscope Records",0.751,0.819,11,-4.372,0,0.0409,0.255,0,0.236,0.697,131.842,3
spotify:track:25CfEf59PmRAhV18oZRMNr,"Qué Pecao","201","Manuel Turizo;Kapo",2024-11-22,230080,67,false,312ctbywossydaez37pttmshkwk4,2025-02-08T11:34:20Z,"reggaeton,pop urbano,colombian pop,latin,latin afrobeats","La Industria/Sony Music Latin",0.822,0.661,4,-6.804,1,0.0447,0.204,0.000125,0.107,0.891,120.058,4
spotify:track:2tTmW7RDtMQtBk7m2rYeSw,"Quevedo: Bzrp Music Sessions, Vol. 52/66","Quevedo: Bzrp Music Sessions, Vol. 52/66","Bizarrap;Quevedo",2022-07-06,198937,81,false,312ctbywossydaez37pttmshkwk4,2025-02-08T11:38:01Z,"argentine trap,trap latino,urbano latino","DALE PLAY Records",0.621,0.782,2,-5.548,1,0.044,0.0125,0.033,0.23,0.55,128.033,4
spotify:track:7MmrcXVA7A5zZ2CbDuGHNa,"A Mí","A Mí","Rels B",2019-02-21,209680,80,false,312ctbywossydaez37pttmshkwk4,2025-02-08T11:52:58Z,"trap latino,urbano latino","DALE PLAY Records / Flakk Team",0.846,0.548,1,-6.397,1,0.256,0.241,0.0713,0.0419,0.516,94.925,4
spotify:track:22AVtdVU43dMFTeWaUCthT,"QUE CHIMBA DE VIDA","QUE CHIMBA DE VIDA","KAROL G",2023-12-14,123351,61,true,312ctbywossydaez37pttmshkwk4,2025-02-08T11:53:05Z,"reggaeton,latin,urbano latino","Bichota/Interscope Records",0.773,0.812,0,-2.929,1,0.0518,0.0588,0.00000266,0.0982,0.689,95.007,4
spotify:track:4iGQ8o9Ih6J1OuDDGCXSCL,"DISPO","MAÑANA SERÁ BONITO (BICHOTA SEASON)","KAROL G;Young Miko",2023-08-11,193961,63,true,312ctbywossydaez37pttmshkwk4,2025-02-08T11:53:42Z,"reggaeton,latin,urbano latino,trap latino","Bichota/Interscope Records",0.842,0.626,0,-3.105,0,0.0472,0.435,0,0.127,0.621,93.994,4
spotify:track:3AXw3pd7KHGSogprPSxrMh,"Tengo Un Plan - Remix","Tengo Un Plan (Remix)","Key-Key;Ozuna",2024-06-13,215448,58,true,312ctbywossydaez37pttmshkwk4,2025-02-08T12:01:10Z,"latin afrobeats,reggaeton,trap latino,latin,urbano latino","NWS Music Group, Ozuna appears courtesy of Aura Music Corp under license with Sony Music Entertainment US Latin LLC",0.597,0.832,8,-4.086,1,0.118,0.216,0.00000115,0.102,0.621,127.553,5
spotify:track:7x4ASXYEKfQBCewcZhK776,"Ay, DiOs Mío!","Ay, DiOs Mío!","KAROL G",2020-07-10,189653,62,false,312ctbywossydaez37pttmshkwk4,2025-02-11T15:51:21Z,"reggaeton,latin,urbano latino","UMLE - Latino",0.718,0.712,11,-4.366,1,0.174,0.512,0.00121,0.104,0.531,180.034,4
spotify:track:6IRRoV7AbjHT8JWP4uFrD5,"30 Grados","30 Grados","El Turko;Mandale Flow",2024-01-25,151441,60,false,312ctbywossydaez37pttmshkwk4,2025-02-12T17:06:44Z,"rkt,turreo,guaracha","FLOW BR",0.676,0.572,1,-3.784,1,0.333,0.0182,0,0.0756,0.373,98.273,4
spotify:track:609E1JCInJncactoMmkDon,"BESO","RR","ROSALÍA;Rauw Alejandro",2023-03-24,194543,80,false,312ctbywossydaez37pttmshkwk4,2025-02-26T16:33:17Z,"latin,reggaeton,trap latino,urbano latino","Columbia Records/Duars Entertainment/Sony Music Latin",0.768,0.644,5,-6.671,0,0.136,0.736,0.000837,0.173,0.53,95.05,4
spotify:track:7ABLbnD53cQK00mhcaOUVG,"LALA","LA VIDA ES UNA","Myke Towers",2023-03-23,197920,80,true,312ctbywossydaez37pttmshkwk4,2025-02-27T23:14:44Z,"reggaeton,trap latino,urbano latino","WEA Latina",0.708,0.737,1,-4.045,1,0.0436,0.0739,0.00162,0.0955,0.607,91.986,4
spotify:track:3NURHAgXmds54f1dERn5Xf,"Calor - Remix","Calor (Remix)","Dejota2021;Yera",2020-07-30,166206,44,false,312ctbywossydaez37pttmshkwk4,2025-03-01T00:41:47Z,"latin afrobeats,colombian pop,pop urbano","WM Mexico",0.598,0.811,5,-3.926,1,0.144,0.36,0,0.0598,0.964,194.969,3
spotify:track:2xEgSIFdnrmRJax3SAViKG,"Fresquito","Fresquito","Dejota2021",2021-07-01,185009,37,false,312ctbywossydaez37pttmshkwk4,2025-03-01T00:42:10Z,"latin afrobeats","Kristoman",0.864,0.476,9,-8.4,1,0.12,0.203,0.037,0.0346,0.896,129.955,4
spotify:track:3R0NiuiHBCKH0VQedQpOvo,"Fría","Fría","Dejota2021",2021,164069,26,false,312ctbywossydaez37pttmshkwk4,2025-03-01T00:42:35Z,"latin afrobeats","Independent",0.769,0.828,2,-5.396,1,0.426,0.298,0,0.103,0.892,172.398,3
spotify:track:2gmd7lY3QSzLh0xIY4cRvi,"SE ME OLVIDA","SE ME OLVIDA","Maisak;Feid",2024-08-23,225373,75,true,312ctbywossydaez37pttmshkwk4,2025-03-05T04:41:13Z,"reggaeton,urbano latino","Universal Music Latino",0.786,0.707,7,-4.386,0,0.0635,0.0399,0,0.121,0.691,82.045,4
spotify:track:6J3kt4eAqRffh5lBuHJJSO,"DE CAROLINA","SATURNO","Rauw Alejandro;Playero",2023-01-24,181621,68,true,312ctbywossydaez37pttmshkwk4,2025-03-08T05:23:18Z,"reggaeton,trap latino,urbano latino,latin","Sony Music Latin/Duars Entertainment",0.795,0.958,7,-1.674,1,0.116,0.17,0.00000134,0.251,0.927,110.977,4
spotify:track:5vgwmo15qa4jKLFW726iaF,"Hora Loca","Hora Loca","Rawayana;Monsieur Periné",2023-09-20,191825,54,false,312ctbywossydaez37pttmshkwk4,2025-03-09T23:17:53Z,"reggae en español,reggae,colombian pop,latin alternative,latin indie","St. Indie",0.787,0.686,5,-7.978,0,0.0935,0.04,0.0000218,0.107,0.836,90.003,4
spotify:track:69AGmizjPlRLhOnHqvhZfB,"Anoche llamé","Anoche llamé","Dejota2021;Legarda",2023-02-07,142354,19,false,312ctbywossydaez37pttmshkwk4,2025-03-10T11:07:01Z,"latin afrobeats","WEA Latina",0.824,0.604,1,-4.874,0,0.053,0.217,0,0.0534,0.885,103.045,4
spotify:track:3OJDtCdYs8QJnui708tEU3,"Soltera","Soltera","Shakira",2024-09-25,214642,79,false,312ctbywossydaez37pttmshkwk4,2025-03-11T07:43:06Z,"latin pop","Sony Music Latin",0.841,0.752,2,-4.735,1,0.105,0.167,0.00046,0.949,0.67,100.076,4
spotify:track:1YsHWGRvwLhJZ3wJgx9JrB,"99,99%","Scratch De Versos","El Riqué",2023-11-16,259090,47,false,312ctbywossydaez37pttmshkwk4,2025-03-13T20:07:58Z,"","Palapa Records",0.694,0.432,7,-8.569,1,0.0963,0.649,0.0000978,0.102,0.804,88.101,4
spotify:track:0WdPVwDY2QU9941QsRJXhZ,"Passoa","Le Clique: Vida Rockstar (X)","JHAYCO;Kapo",2024-09-06,309280,66,false,312ctbywossydaez37pttmshkwk4,2025-03-13T20:15:58Z,"reggaeton,trap latino,urbano latino,latin afrobeats","N&E Entertainment LLC",0.867,0.524,6,-5.353,0,0.0599,0.254,0,0.134,0.72,102.983,4
spotify:track:60u6hcpH5Qm1M3xESdNBrB,"frente al mar","frente al mar","Beéle",2024-09-26,165178,70,false,312ctbywossydaez37pttmshkwk4,2025-03-17T04:18:51Z,"latin afrobeats,reggaeton","5020 Records",0.75,0.682,10,-3.825,1,0.0945,0.168,0.00000128,0.112,0.618,100.036,4
spotify:track:7ricDBUakN3N0YkkKE8Obu,"mi refe","mi refe","Beéle;Ovy On The Drums",2024-12-05,159404,76,false,312ctbywossydaez37pttmshkwk4,2025-03-17T04:44:03Z,"latin afrobeats,reggaeton","5020 Records",0.588,0.634,7,-5.112,0,0.273,0.417,0.00111,0.0993,0.463,151.467,5
spotify:track:3D24ErT1MMmUfXWotSj2A2,"ME JALO","MALA MÍA","Fuerza Regida;Grupo Frontera",2024-12-19,212002,84,true,312ctbywossydaez37pttmshkwk4,2025-03-22T08:42:25Z,"corrido,corridos tumbados,corridos bélicos,sierreño,música mexicana,banda,sad sierreño,electro corridos,cumbia norteña,norteño,grupera,tejano,ranchera","Rancho Humilde/Streetmob Records/Grupo Frontera/Sony Music Latin",0.47,0.75,2,-5.887,0,0.112,0.216,0,0.169,0.62,79.814,4
spotify:track:6iOndD4OFo7GkaDypWQIou,"La Plena - W Sound 05","La Plena (W Sound 05)","W Sound;Beéle;Ovy On The Drums",2025-02-19,150001,88,true,312ctbywossydaez37pttmshkwk4,2025-03-22T08:42:32Z,"latin afrobeats,reggaeton","WEA Latina",0.894,0.643,5,-3.485,1,0.132,0.543,0.000984,0.101,0.659,99.039,4
spotify:track:5zm5Ra1DVCmujK882R7QSP,"Angelito","Angelito","Ovy On The Drums;Beéle;Bad Milk",2021-03-31,227513,66,false,312ctbywossydaez37pttmshkwk4,2025-03-22T08:43:40Z,"reggaeton,latin afrobeats","WEA Latina",0.715,0.7,4,-4.694,0,0.269,0.53,0.00000784,0.108,0.647,191.951,4
spotify:track:2mLTxNa0bwZX8eNBsuODLX,"Una Vida Pasada","cuatro","Camilo;Carín León",2024-05-23,218500,79,false,312ctbywossydaez37pttmshkwk4,2025-03-22T08:48:44Z,"colombian pop,pop urbano,banda,norteño,sierreño,corrido,ranchera,grupera,sad sierreño","Sony Music Latin/Hecho a Mano (HAMM)",0.768,0.679,7,-5.539,0,0.0411,0.656,0.0000366,0.143,0.948,89.975,4
spotify:track:4HYDUMY0xSpeBr0AMY9cUz,"La Curiosidad","Platonicos","Jay Wheeler;DJ Nelson;Myke Towers",2020-06-12,219048,77,false,312ctbywossydaez37pttmshkwk4,2025-03-22T08:49:42Z,"reggaeton,trap latino,urbano latino","Linked Music / Dynamic Records / EMPIRE",0.845,0.677,11,-4.798,0,0.136,0.269,0.000917,0.108,0.68,90.013,4
spotify:track:5EbtodsuLbxrFDH6j5avVS,"El Mismo Aire - con Pablo Alborán","El Mismo Aire (con Pablo Alborán)","Camilo;Pablo Alborán",2020-06-10,188213,72,false,312ctbywossydaez37pttmshkwk4,2025-03-22T08:50:26Z,"colombian pop,pop urbano,latin pop","Sony Music Latin",0.483,0.492,0,-6.591,0,0.295,0.603,0,0.323,0.66,144.511,4
spotify:track:1gRaHuKLW9Uo9qYkb7MvGP,"Angelito","Angelito","Bad Gyal;Trueno",2025-01-16,130813,67,false,312ctbywossydaez37pttmshkwk4,2025-03-24T02:15:37Z,"neoperreo,argentine trap","Interscope Records / Universal Music Latino",0.917,0.68,5,-3.997,1,0.0644,0.166,0,0.262,0.908,99.99,4
spotify:track:4vb8Rou2dDUEtBOOo57eVu,"SÍGUEME","SÍGUEME","Xiuhtezcatl;Renata Flores",2025-03-21,197515,37,false,312ctbywossydaez37pttmshkwk4,2025-03-24T02:16:44Z,"native american music","Boom.Records",0.582,0.726,10,-4.562,0,0.168,0.732,0,0.104,0.916,122.56,5
spotify:track:1JXcB149QtbcIpDUA6YZOB,"Algo Que Se Quede","40","Grupo Niche",2020-05-29,220135,71,false,312ctbywossydaez37pttmshkwk4,2025-03-31T03:05:09Z,"salsa,merengue","Grupo Niche",0.751,0.722,2,-4.197,1,0.0506,0.457,0,0.178,0.788,140.043,4
spotify:track:13BDiikG6y5o5cQTK0HpW6,"Soltera - W Sound 01","Soltera (W Sound 01)","W Sound;Blessd;Ovy On The Drums",2024-08-06,142022,76,true,312ctbywossydaez37pttmshkwk4,2025-04-04T12:29:12Z,"reggaeton,urbano latino,trap latino","WEA Latina",0.734,0.578,1,-4.147,1,0.295,0.155,0.000242,0.113,0.88,199.997,4
spotify:track:5oVBCcGv1EX2foIs6X6GRw,"Onana","Onana","Jey One",2023-05-08,128571,67,false,312ctbywossydaez37pttmshkwk4,2025-04-02T04:29:11Z,"dembow","Mapa Negro Music",0.681,0.719,8,-5.428,0,0.455,0.595,0.00112,0.14,0.802,148.931,5
spotify:track:2E402UKUx9geWqtRpMj5oX,"TU QUIERE BAILAR","TU QUIERE BAILAR","Lomiiel;Bb trickz",2024-11-15,123250,48,true,312ctbywossydaez37pttmshkwk4,2025-04-02T06:29:03Z,"dembow","Open Shift Distribution",0.609,0.726,0,-2.716,1,0.444,0.459,0.00000194,0.0457,0.707,196.149,3
spotify:track:0fKK51bU6lcCCwdNnv64t3,"DEPORTIVO","DEPORTIVO","Blessd;Anuel AA;Ovy On The Drums",2024-11-14,218701,76,true,312ctbywossydaez37pttmshkwk4,2025-04-04T12:30:20Z,"reggaeton,urbano latino,trap latino,latin","WEA Latina",0.816,0.762,0,-2.864,1,0.0565,0.534,0.000404,0.0845,0.782,90.025,4
spotify:track:4BBTalxG6c1Aoai1x1EA5g,"Sin Fin","Fórmula, Vol. 3","Romeo Santos;Justin Timberlake",2022-09-01,234664,55,false,312ctbywossydaez37pttmshkwk4,2025-04-11T11:59:19Z,"bachata,latin","Sony Music Latin",0.736,0.869,0,-3.873,1,0.0548,0.18,0,0.0687,0.783,128.009,4
spotify:track:5FLzweTtgQurkLPs0E7uEO,"Priti","Priti","Danny Ocean;Sech",2025-03-20,130969,67,false,312ctbywossydaez37pttmshkwk4,2025-04-19T09:51:13Z,"reggaeton,urbano latino","Atlantic Records",0.8,0.681,9,-7.307,1,0.0499,0.163,0,0.101,0.523,121.915,4
spotify:track:31we7ZzWdSBEOKs5Ln6QVF,"NUBES","NUBES","De La Rose;Omar Courtz",2025-04-03,271801,72,true,312ctbywossydaez37pttmshkwk4,2025-04-19T09:52:43Z,"trap latino","WEA Latina",0.657,0.666,7,-3.786,1,0.0302,0.243,0,0.101,0.19,99.945,4
spotify:track:6znsyvxi3G8vv3R1n5JoBT,"Que Tengo Que Hacer","Versatilidad & Vivencias (Deluxe Edition)","Lil Silvio & El Vega",2017-11-17,201413,53,false,312ctbywossydaez37pttmshkwk4,2025-04-19T12:30:50Z,"champeta,colombian pop,latin pop","Universal Music Colombia S.A.S.",0.761,0.912,7,-3.069,1,0.106,0.21,0,0.0661,0.829,120.03,4
spotify:track:1Ilnwq3pBsEMa9ecth4DeP,"BOTELLAS VACíAS","BOTELLAS VACÍAS","Pumba Dos Santos;Kapo",2022-07-15,166100,2,false,312ctbywossydaez37pttmshkwk4,2025-04-27T16:37:18Z,"latin afrobeats","Independent",0.753,0.645,11,-5.442,1,0.0939,0.26,0.00000981,0.104,0.363,175.888,4
spotify:track:4tYFy8ALRjIZvnvSLw5lxN,"Party","Un Verano Sin Ti","Bad Bunny;Rauw Alejandro",2022-05-06,227628,83,true,312ctbywossydaez37pttmshkwk4,2025-05-05T17:51:51Z,"reggaeton,trap latino,latin,urbano latino","Rimas Entertainment LLC",0.829,0.799,9,-5.389,1,0.0897,0.0151,0.000543,0.242,0.471,97.013,4
spotify:track:4TRlBMj8wXsIfEDgWOPyE2,"Malibu","Malibu","Feid;Ak4:20;Taiko",2022-11-11,160773,60,true,312ctbywossydaez37pttmshkwk4,2025-05-09T00:00:24Z,"reggaeton,urbano latino,chilean trap,reggaeton chileno,chilean mambo,mambo","UMLE - Latino",0.767,0.692,10,-6.269,0,0.0653,0.0223,0,0.0585,0.245,110.021,4
spotify:track:63pLfjK6FvcYJYMGwtHjd6,"SORRY 4 THAT MUCH","SORRY 4 THAT MUCH","Feid",2024-06-07,207746,71,true,312ctbywossydaez37pttmshkwk4,2025-05-09T00:07:52Z,"reggaeton,urbano latino","FEID",0.819,0.675,7,-4.281,1,0.0727,0.0318,0,0.289,0.602,92.99,4
spotify:track:5wMwgx90OnF7xNtvYcuxFR,"EROTIKA","EROTIKA","NATHY PELUSO",2025-03-05,165161,56,false,312ctbywossydaez37pttmshkwk4,2025-05-11T22:01:25Z,"","5020 Records / Sony Music Entertainment",0.673,0.731,4,-4.58,0,0.133,0.36,0,0.102,0.744,185.991,4
spotify:track:7DNygCmPTKR0XkyKC3XmPa,"Me la Llevo","Gato Negro","Javi Medina;Salistre",2025-03-21,166597,51,false,312ctbywossydaez37pttmshkwk4,2025-05-11T22:02:46Z,"flamenco,flamenco pop,flamenco urbano","Javi Medina Oficial",0.888,0.609,9,-6.467,0,0.201,0.379,0,0.0383,0.771,105.063,4
spotify:track:1OUPXna2MCgAt3VNmXJBtg,"Bola Rebola","Bola Rebola","Tropkillaz;J Balvin;Anitta;ZAAC",2019-02-22,193440,64,false,312ctbywossydaez37pttmshkwk4,2025-05-11T22:05:36Z,"brazilian funk,brazilian pop,reggaeton,latin,funk pop,funk carioca","Universal Music Ltda.",0.834,0.777,5,-4.538,0,0.0593,0.22,0.00609,0.335,0.865,129.984,4
spotify:track:10MpBpx64MNixmUMNj7f6b,"LATINA FOREVA","LATINA FOREVA","KAROL G",2025-05-22,159452,71,true,312ctbywossydaez37pttmshkwk4,2025-06-02T07:27:31Z,"reggaeton,latin,urbano latino","Bichota/Interscope Records",0.806,0.715,1,-3.539,0,0.0538,0.0115,0,0.0756,0.5,97.936,4
spotify:track:0dKg2vGC1hFqcK5LGTaKzX,"Tusa","KG0516","KAROL G;Nicki Minaj",2021-03-26,201920,71,true,312ctbywossydaez37pttmshkwk4,2025-05-21T05:17:55Z,"reggaeton,latin,urbano latino","UMLE - Latino",0.799,0.701,2,-3.272,1,0.282,0.309,0.0000736,0.0514,0.607,100.946,4
spotify:track:05WVKTdZhlIMX4qqMLuo0f,"BELLAKEO","BELLAKEO","Peso Pluma;Anitta",2023-12-07,197333,72,true,312ctbywossydaez37pttmshkwk4,2025-05-24T07:27:12Z,"corrido,corridos tumbados,corridos bélicos,música mexicana,sad sierreño,sierreño,banda,brazilian pop,funk pop,brazilian funk,funk carioca","Double P Records",0.72,0.88,9,-2.834,1,0.101,0.0562,0.06,0.153,0.463,180.011,4
spotify:track:6lX6l7OuA3qrnIRfdsr0dw,"Medallo","Hecho En Medellín","Blessd;Justin Quiles;Lenny Tavárez",2021-10-27,233453,74,true,312ctbywossydaez37pttmshkwk4,2025-05-24T07:27:24Z,"reggaeton,urbano latino,trap latino,argentine trap","WEA Latina",0.787,0.7,4,-4.598,0,0.0768,0.568,0.00051,0.663,0.791,90.02,4
spotify:track:1Zsp7ylRVIGvcKO0ndh4bv,"Vulnerable","Vulnerable","Lenexx",2025-04-25,184060,45,false,312ctbywossydaez37pttmshkwk4,2025-05-28T19:56:24Z,"","SCTM ENT LLC/ESPACIO ARRIBA",0.773,0.647,6,-4.526,1,0.0358,0.458,0,0.265,0.774,132.924,4
spotify:track:6VfL3MEuYeJbDlD8m011HR,"quédate","BORONDO","Beéle",2025-05-15,176481,82,false,312ctbywossydaez37pttmshkwk4,2025-05-30T03:43:07Z,"latin afrobeats,reggaeton","5020 Records",0.608,0.633,0,-4.609,0,0.137,0.294,0.0000204,0.143,0.549,111.888,5
spotify:track:5Gis9Pxk7Cl9hAoV6rwj50,"Parte & Choke (with Ryan Castro) - Remix","Parte & Choke (with Ryan Castro) [Remix]","Jombriel;Ryan Castro;Alex Krack",2025-01-23,218591,66,true,312ctbywossydaez37pttmshkwk4,2025-05-30T03:44:21Z,"salsa choke,reggaeton,rkt","WEA Latina",0.726,0.62,5,-5.156,0,0.44,0.0214,0,0.273,0.913,117.303,5
spotify:track:3bn6CxnWxuvYZz3i9vE2dc,"MIL VIDAS","LO MISMO DE SIEMPRE","Mora;Ryan Castro",2025-05-18,269720,70,false,312ctbywossydaez37pttmshkwk4,2025-06-02T07:29:21Z,"trap latino,urbano latino,reggaeton","Rimas Entertainment LLC.",0.744,0.587,0,-6.256,1,0.0292,0.737,0,0.147,0.438,105.006,4
spotify:track:7LABrQFfRYcZUqUwng0Heb,"Encantadora","Dangerous","Yandel",2015-11-06,240092,80,false,312ctbywossydaez37pttmshkwk4,2025-06-02T07:31:00Z,"reggaeton,urbano latino","Sony Music Latin",0.662,0.874,8,-4.509,1,0.0471,0.147,0,0.141,0.926,169.943,4
spotify:track:2RX1emplIvpgCuZl87y50j,"ENAMORA2","ENAMORA2","Fer Ariza",2025-03-26,202064,0,false,312ctbywossydaez37pttmshkwk4,2025-06-02T07:32:37Z,"christian reggaeton","BETOMUSIC",0.834,0.876,7,-5.473,1,0.124,0.0923,0,0.115,0.59,122.046,4
spotify:track:0rKqFkLnkcZByHMjN60KAn,"More","Pina Records Presenta : La Fórmula , the Company","Zion;Jory Boy;Ken-Y",2012-11-05,240733,71,false,312ctbywossydaez37pttmshkwk4,2025-06-02T07:34:19Z,"reggaeton,trap latino","Pina Records",0.69,0.79,1,-6.628,0,0.0864,0.211,0,0.106,0.869,172.054,4
spotify:track:2JPctdUgvkQSpnUdfROxvY,"Te Quería Ver","De Vuelta a las Andadas","Alemán;Neton Vega",2025-05-09,176129,78,false,312ctbywossydaez37pttmshkwk4,2025-06-04T08:56:18Z,"mexican hip hop,latin hip hop,electro corridos,corrido,corridos tumbados,corridos bélicos,sierreño,dembow belico","HOMEGROWN MAFIA S.A. DE C.V./Sony Music México-Latin",0.807,0.763,4,-5.172,0,0.0624,0.186,0.0000169,0.0917,0.448,100.033,4
spotify:track:7MVIfkyzuUmQ716j8U7yGR,"Rara Vez","Rara Vez","Milo j;Taiu",2023-02-08,128677,82,false,312ctbywossydaez37pttmshkwk4,2025-06-10T12:05:40Z,"argentine trap","Universal Music Argentina S.A.",0.838,0.708,5,-4.668,0,0.166,0.176,0,0.343,0.96,119.984,4
spotify:track:3QwBODjSEzelZyVjxPOHdq,"Otra Vez (feat. J Balvin)","Motivan2","Zion & Lennox;J Balvin",2016-09-30,209453,81,false,312ctbywossydaez37pttmshkwk4,2025-06-10T12:06:11Z,"reggaeton,latin","WEA Latina",0.832,0.772,10,-5.429,1,0.1,0.0559,0.000486,0.44,0.704,96.016,4
spotify:track:5PazwHXOIXEu80tYjx8bQF,"Rosa Pastel","Sólo Chicas","Belanova",2020-09-18,185933,50,false,312ctbywossydaez37pttmshkwk4,2025-08-02T23:02:26Z,"latin pop","UME - Global Clearing House",0.81,0.621,11,-6.997,0,0.0305,0.0248,0.0103,0.342,0.682,128.019,4
spotify:track:5LnsMUMVDs3uU5w94REpBv,"La La La","Más Locos Que Nunca","La Banda Loca",2012-09-07,283533,43,false,312ctbywossydaez37pttmshkwk4,2025-09-02T08:00:43Z,"merengue","Combo Records",0.763,0.936,9,-5.254,0,0.155,0.172,0.000372,0.101,0.833,165.374,4
spotify:track:79HZAZNnOE97rb2hnI0XQr,"LOKERA","LOKERA","Rauw Alejandro;Lyanno;Brray",2022-07-25,197101,65,true,312ctbywossydaez37pttmshkwk4,2025-09-14T15:26:59Z,"reggaeton,trap latino,urbano latino,latin","Sony Music Latin/Duars Entertainment",0.836,0.826,11,-2.66,0,0.0461,0.213,0.00000603,0.0814,0.579,102.025,4
spotify:track:1mauYRwbpoGQX6itP2FAJC,"Fan de Tus Fotos","Fan de Tus Fotos","Nicky Jam;Romeo Santos",2021-02-08,197647,56,false,312ctbywossydaez37pttmshkwk4,2025-10-01T22:23:25Z,"reggaeton,latin,bachata","Sony Music Latin",0.728,0.689,7,-5.718,1,0.0725,0.293,0.0000126,0.109,0.431,170.089,4
spotify:track:0SCO8PWjkv8ppR2QVAOphv,"RUFF","POR SI ALGUIEN NOS ESCUCHA","Kapo",2025-07-03,147066,73,false,312ctbywossydaez37pttmshkwk4,2025-10-05T23:48:06Z,"latin afrobeats","Sony Music Latin/La Industria",0.777,0.584,1,-6.682,1,0.061,0.593,0.000199,0.114,0.787,108.027,4
spotify:track:2efbgTtEGNpsUZaOfgRTR6,"blackout 🧊","blackout 🧊","Emilia;TINI;Nicki Nicole",2025-03-25,182282,70,false,312ctbywossydaez37pttmshkwk4,2025-11-25T18:50:19Z,"argentine trap,latin pop","Sony Music Latin",0.778,0.787,9,-2.447,0,0.0478,0.245,0.000106,0.111,0.957,137.994,4
spotify:track:3oyuY1TnUBYI3X1wE2Kogw,"Vida de Colores","Vida de Colores","Aida Bossa",2021-06-18,230784,47,false,312ctbywossydaez37pttmshkwk4,2025-12-13T01:44:15Z,"cumbia,latin folk","Aida Bossa",0.702,0.467,4,-6.922,0,0.0472,0.606,0,0.343,0.76,79.947,4
spotify:track:21Fl6ee94xjWGDt5NngLvA,"Besos En Mi Piel","Estamos Jugando","PALO",2023-12-15,132666,44,false,312ctbywossydaez37pttmshkwk4,2025-12-11T22:10:28Z,"","Syskon Music",0.766,0.523,0,-6.757,1,0.0332,0.233,0.00000418,0.101,0.761,89.995,4
spotify:track:65O7K8HHHTCa8pInjQdTcp,"HACELA CORTA MOROCHO","HACELA CORTA MOROCHO","PALO",2025-08-18,117358,60,false,312ctbywossydaez37pttmshkwk4,2025-12-11T22:10:37Z,"","SYSKON Music",0.749,0.439,10,-9.687,0,0.132,0.104,0,0.192,0.96,158.841,4
spotify:track:0ueKFZau08JLiDwKMw5DRR,"Carita Angelikal","Carita Angelikal","Rels B;Kapo",2025-06-19,175200,51,false,312ctbywossydaez37pttmshkwk4,2025-12-14T05:30:26Z,"trap latino,urbano latino,latin afrobeats","DALE PLAY Records / Flakk Team",0.804,0.764,1,-5.221,0,0.173,0.183,0.000326,0.132,0.428,99.987,4
spotify:track:3YKLq5l1JnFWSKRH3wEUd5,"Parcerita","Parcerita","Dahili",2022-11-09,166950,47,true,312ctbywossydaez37pttmshkwk4,2025-12-25T01:45:30Z,"latin afrobeats,champeta","WEA Latina",0.618,0.883,11,-3.586,1,0.0993,0.526,0.0632,0.149,0.633,99.875,4
spotify:track:2yBWnRKj0Zx7AF1kufajvW,"Ahora","Vibras","J Balvin",2018-05-25,254720,56,false,312ctbywossydaez37pttmshkwk4,2025-12-27T10:22:51Z,"reggaeton,latin","UMLE - Latino",0.81,0.716,3,-5.038,0,0.0637,0.0986,0.000143,0.0859,0.811,88.002,4
spotify:track:380HmhwTE2NJgawn1NwkXi,"Rojo","Colores","J Balvin",2020-03-19,150720,72,false,312ctbywossydaez37pttmshkwk4,2025-12-27T17:26:36Z,"reggaeton,latin","UMLE - Latino",0.662,0.598,11,-4.042,1,0.169,0.193,0.0000802,0.0855,0.403,172.249,4
spotify:track:1syf62zw48zu4FrPwMtDHk,"Gris","Colores","J Balvin",2020-03-19,176626,58,false,312ctbywossydaez37pttmshkwk4,2025-12-27T17:26:46Z,"reggaeton,latin","UMLE - Latino",0.849,0.709,6,-4.717,0,0.0793,0.227,0,0.329,0.916,93.06,4
spotify:track:4c6yjn6FdNfuRltmPFciJh,"Rio","Rio","J Balvin",2025-01-24,188386,68,false,312ctbywossydaez37pttmshkwk4,2025-12-27T17:26:57Z,"reggaeton,latin","Capitol Records",0.698,0.806,0,-5.713,0,0.169,0.164,0.00000694,0.13,0.679,173.945,4
spotify:track:4GmX2mkUAmbtW27LxqZRxx,"Mini Mini","Mini Mini","El Punto40;Marcianeke",2021-05-26,197930,41,true,312ctbywossydaez37pttmshkwk4,2025-12-29T10:58:25Z,"reggaeton chileno,chilean trap,chilean mambo,mambo,rkt,guaracha,turreo","Duetti",0.872,0.706,6,-5.587,1,0.417,0.739,0.0000251,0.158,0.837,98.006,4
spotify:track:0EtuSDTRJYUwlPf4y6coIz,"999 (with Camilo)","999 (with Camilo)","Selena Gomez;Camilo",2021-08-26,224168,50,false,312ctbywossydaez37pttmshkwk4,2025-12-29T16:41:45Z,"colombian pop,pop urbano","Interscope Records",0.781,0.748,1,-4.604,1,0.242,0.105,0,0.156,0.788,149.819,4
spotify:track:3aJCdoXJpMXaGOMttPeR6R,"1+1=1","1+1=1","Miguel Bueno;Nanpa Básico",2025-09-24,163404,57,false,312ctbywossydaez37pttmshkwk4,2025-12-29T23:28:43Z,"latin afrobeats,mexican hip hop,latin hip hop","Sony Music Latin",0.571,0.658,10,-7.739,0,0.155,0.73,0,0.111,0.727,93.94,4
spotify:track:4uincenPTAa44KUmUQXbQC,"Pikito","Pikito","Ozuna;Beéle",2025-12-01,204099,60,false,312ctbywossydaez37pttmshkwk4,2025-12-29T23:38:12Z,"reggaeton,trap latino,latin,urbano latino,latin afrobeats","Nibiru International/Sony Music Latin",0.748,0.79,4,-2.391,0,0.132,0.193,0.00000229,0.137,0.404,114.883,4
spotify:track:6TT5rB0Rwneb6ZaopHQir4,"el ingeniero","LA CIUDAD","Alleh;Yorghaki",2024-12-24,146857,45,false,312ctbywossydaez37pttmshkwk4,2025-12-30T12:59:58Z,"","CONMUER LLC",0.808,0.671,8,-4.668,0,0.0931,0.0364,0,0.091,0.583,105.108,4
spotify:track:5L7Cj7HFf7YcCb9GU1ySDt,"tranqui, te puedes enamorar","LA CIUDAD","Alleh;Yorghaki",2024-12-24,166800,40,false,312ctbywossydaez37pttmshkwk4,2025-12-30T13:04:40Z,"","CONMUER LLC",0.73,0.602,7,-6.355,1,0.0662,0.373,0,0.114,0.673,100.056,4
spotify:track:53tC5gftpcxll3NPEFTtwM,"Camina Maria","El Playaman","El Caribefunk",2014-09-11,257157,25,false,312ctbywossydaez37pttmshkwk4,2025-12-31T14:29:36Z,"colombian pop","@comconcepto",0.712,0.624,10,-7.646,1,0.0428,0.448,0.0000033,0.0333,0.95,94.986,4
spotify:track:4na0S4dyXadwQ1pIseS42Q,"La Chamuyera","El Playaman","El Caribefunk",2014-09-11,203294,42,false,312ctbywossydaez37pttmshkwk4,2025-12-31T14:29:42Z,"colombian pop","@comconcepto",0.725,0.795,1,-6.795,1,0.0452,0.22,0,0.0348,0.962,126.03,4
spotify:track:2Ndvx8H2CHTpuHPBfLvjDj,"No Hay Cama Pa' Tanta Gente","It's Christmas Time! (Original Recordings)","El Gran Combo De Puerto Rico",2010-11-10,269106,28,false,312ctbywossydaez37pttmshkwk4,2026-01-01T20:02:05Z,"salsa,merengue,timba","Combo Records",0.732,0.616,0,-7.408,1,0.0351,0.533,0,0.281,0.966,107.255,4
spotify:track:0GuLonchqLiGK1zzcrp2ye,"Ella Es Mi Fiesta (feat. Maluma) - Remix","Ella Es Mi Fiesta (feat. Maluma) [Remix]","Carlos Vives;Maluma",2015-02-24,191160,52,false,312ctbywossydaez37pttmshkwk4,2026-01-04T19:31:20Z,"colombian pop,vallenato,latin,latin pop,reggaeton,urbano latino","Sony Music Latin",0.594,0.939,1,-3.384,0,0.137,0.0543,0,0.222,0.569,125.028,4
spotify:track:4YboPBRofQXESDyYLZZOSM,"Me Gustas Más Que Salir a Fumar","Me Gustas Más Que Salir a Fumar","Nanpa Básico",2023-02-24,203456,54,true,312ctbywossydaez37pttmshkwk4,2026-01-04T21:49:56Z,"mexican hip hop,latin hip hop","Nanpa Básico/5020 RCRDS",0.831,0.473,10,-7.624,1,0.0493,0.702,0,0.0958,0.564,132.02,4
spotify:track:0xoW3BO7RuB9HfMuO0WlzB,"Me Gustas Más Que Salir a Fumar - En Vivo Desde Bogotá","En Vivo Desde Bogotá Vol. 2","Nanpa Básico;Kapo",2025-12-18,265925,31,true,312ctbywossydaez37pttmshkwk4,2026-01-04T21:51:42Z,"mexican hip hop,latin hip hop,latin afrobeats","5020 Records",0.504,0.74,5,-7.523,1,0.0928,0.789,0,0.791,0.405,131.905,4
spotify:track:0SqqAgdovOE24BzxIClpjw,"Yo Perreo Sola","YHLQMDLG","Bad Bunny",2020-02-29,172127,85,true,312ctbywossydaez37pttmshkwk4,2026-01-05T20:55:30Z,"reggaeton,trap latino,latin,urbano latino","Rimas Entertainment LLC",0.86,0.758,11,-5.16,1,0.0695,0.021,0.0000654,0.344,0.453,97.014,4
spotify:track:14DAvZg5Y2yHQ01gd4Uosj,"Una Diosa","Una Diosa","ZeVoré",2025-12-13,176117,49,false,312ctbywossydaez37pttmshkwk4,2026-01-07T00:18:43Z,"latin afrobeats","ModoTendencia",0.738,0.665,10,-7.172,0,0.306,0.279,0,0.0926,0.589,90.718,4
spotify:track:217bRMES4HVbPdUe8l8ECN,"El Malo","The Last","Aventura",2009-06-09,238720,74,false,312ctbywossydaez37pttmshkwk4,2026-01-07T00:19:10Z,"bachata","Premium Latin Music",0.812,0.506,1,-10.729,1,0.0533,0.143,0,0.132,0.701,125.941,4
spotify:track:46ufabZP6oK3ixmN6Gd753,"SANKA","SENDÉ","Ryan Castro;Dongo",2025-05-29,155265,75,true,312ctbywossydaez37pttmshkwk4,2026-01-08T01:57:26Z,"reggaeton","AWOO Corp./Sony Music Latin",0.859,0.622,2,-4.894,1,0.0693,0.0962,0,0.319,0.333,94.039,4
spotify:track:0P3K3oluS2pxWGp9TRtjTt,"Parte & Choke (with Ryan Castro) - Remix","JOMBRIEL DE LA SUERTE","Jombriel;Ryan Castro;Alex Krack",2025-09-25,218591,70,true,312ctbywossydaez37pttmshkwk4,2026-01-08T02:34:39Z,"salsa choke,reggaeton,rkt","WEA Latina",0.726,0.62,5,-5.156,0,0.44,0.0214,0,0.273,0.913,117.303,5
spotify:track:0WUfDJeEqscmEuSmvCkXZX,"Mi Burro","Tunsé","El Caribefunk",2018-03-07,187480,33,false,312ctbywossydaez37pttmshkwk4,2026-01-10T15:08:09Z,"colombian pop","Independiente",0.747,0.837,2,-7.333,1,0.0664,0.497,0.00104,0.127,0.858,122.969,4
spotify:track:2GcjfckZexh9wRRjg9KtQG,"Tiburon","In Da House","Proyecto Uno;Magic Juan",1997,303106,68,false,312ctbywossydaez37pttmshkwk4,2026-01-10T20:11:16Z,"merengue,latin house","J&N Records",0.879,0.718,0,-12.984,1,0.0523,0.151,0.0000275,0.0513,0.891,130.167,4
spotify:track:0sE9TAChRS7zah4yhp5KJW,"YELIANA - Cap. 3 - ZHA","YELIANA-Cap.3-ZHA","Greeicy;Danny Ocean",2023-07-07,140906,51,false,312ctbywossydaez37pttmshkwk4,2026-01-10T20:54:12Z,"colombian pop,pop urbano,reggaeton","UMLE - Latino",0.891,0.629,0,-5.533,1,0.182,0.0434,0,0.095,0.614,91.353,4
spotify:track:5jbZdMRcrVzOyFlXXkuuNw,"Se Acabó","El Plan","Sanluis;Chino & Nacho",2016-09-01,207720,65,false,312ctbywossydaez37pttmshkwk4,2026-01-10T21:13:00Z,"merengue,reggaeton,latin","Sanluis Productions, LLC",0.732,0.878,0,-5.86,1,0.0599,0.209,0.00000165,0.27,0.764,99.988,4
spotify:track:503M75Hh6JciFgZ4xi8XTw,"De Qué Manera","Contigo","Mike Bahía",2023-04-27,193125,59,false,312ctbywossydaez37pttmshkwk4,2026-01-10T21:22:25Z,"colombian pop,pop urbano","WM Mexico",0.756,0.735,7,-6.178,1,0.0668,0.692,0,0.0715,0.558,92.028,4
spotify:track:3qwEwtnOb6TyJkSGYEm02h,"Quiero +","Quiero +","Greeicy",2025-08-22,128487,67,false,312ctbywossydaez37pttmshkwk4,2026-01-15T16:37:10Z,"colombian pop,pop urbano","Universal Music Latino",0.85,0.637,7,-5.282,0,0.262,0.155,0.0000211,0.0951,0.691,98.982,4
spotify:track:4fDmgQfKMY7GcAwp2nNoQ0,"Solifican12","La Vida Era Más Corta","Milo j",2025-09-25,167173,75,false,312ctbywossydaez37pttmshkwk4,2026-01-19T22:10:51Z,"argentine trap","Sony Music Latin",0.567,0.545,10,-7.379,0,0.162,0.731,0.00000522,0.155,0.755,172.155,4
spotify:track:5Vn2XpqzUOozKNmBmAgysw,"Que Suerte Tenerte","TROPICALIA","Fonseca",2024-05-02,200193,67,false,312ctbywossydaez37pttmshkwk4,2026-01-28T01:47:31Z,"colombian pop,latin pop","Sony Music Latin",0.779,0.666,6,-4.968,1,0.0414,0.543,0,0.321,0.599,100,4
spotify:track:1q1sjzJpUYEkTbA9Uz0qrU,"No Te Vayas","Por Primera Vez","Camilo",2020-04-17,200851,59,false,312ctbywossydaez37pttmshkwk4,2026-02-01T07:44:45Z,"colombian pop,pop urbano","Sony Music Latin",0.766,0.764,6,-2.996,0,0.0776,0.0872,0,0.163,0.818,92.003,4
spotify:track:0hgaIcoAChOoYigV762JPE,"Viajeros","Viajeros","Carlos Vallarino",2020-08-14,231137,0,false,312ctbywossydaez37pttmshkwk4,2026-02-01T07:46:47Z,"","Ditto",0.786,0.529,7,-8.158,1,0.131,0.294,0.0000422,0.0859,0.649,95.058,4
spotify:track:3o3eHNNF5HDU3I0Jg25SGD,"Na Na Na (Dulce Niña)","Lo Mejor De...","A.B. Quintanilla III Y Los Kumbia Kings",2016-07-01,207693,66,false,312ctbywossydaez37pttmshkwk4,2026-02-01T08:03:00Z,"tejano,cumbia,grupera","EMI Latin (LAT)",0.782,0.793,11,-5.865,0,0.045,0.442,0,0.295,0.969,102.001,4
spotify:track:5VyuvK1HGWntAPjelN2y40,"De donde vengo yo","La maravillosa música latina","ChocQuibTown",2019-11-15,259786,21,false,312ctbywossydaez37pttmshkwk4,2026-02-14T14:26:14Z,"salsa choke,colombian pop,latin alternative","Warner Music Group - X5 Music Group",0.801,0.857,4,-4.174,1,0.275,0.0897,0,0.171,0.946,185.958,4
spotify:track:3CBEVPwR3kUXDoTx1lqFUQ,"CHÉVERE (premium_remix)","CHÉVERE (premium_remix)","ARIA VEGA;Ryan Castro",2026-02-12,219989,80,false,312ctbywossydaez37pttmshkwk4,2026-02-14T20:57:21Z,"latin afrobeats,champeta,reggaeton","WEA Latina",0.758,0.825,8,-3.806,1,0.259,0.0121,0,0.123,0.646,180.022,4
spotify:track:7yHZ66udwjeUafGohI7T46,"AY MAMA (mi tiburón)","AY MAMA (mi tiburón)","ARIA VEGA",2025-10-30,138380,70,true,312ctbywossydaez37pttmshkwk4,2026-02-15T01:12:06Z,"latin afrobeats,champeta","Plush Records",0.84,0.779,0,-3.641,1,0.398,0.392,0.00000203,0.152,0.596,99.958,4
spotify:track:7vDbXop7XfI3FGyHLWGzIC,"Si Te Quedas (feat. Pablo Alborán)","Si Te Quedas (feat. Pablo Alborán)","Carla Morrison;Pablo Alborán",2025-12-04,175748,64,false,312ctbywossydaez37pttmshkwk4,2026-03-09T13:43:29Z,"latin indie,latin pop","C Morrison Enterprises/5020 Records",0.65,0.361,3,-9.292,0,0.0417,0.725,0,0.113,0.236,126.988,4
spotify:track:3BvwBnmbsKs7dBkU6PKBrT,"Lento (feat. Pabllo Vittar) [Brabo Remix]","Lento (feat. Pabllo Vittar) [Brabo Remix]","Lauren Jauregui;Pabllo Vittar;Brabo",2021-01-22,174988,37,false,312ctbywossydaez37pttmshkwk4,2026-03-09T13:43:41Z,"brazilian pop,funk pop,tecnobrega,neoperreo","Columbia",0.726,0.601,2,-7.516,1,0.147,0.177,0.0000251,0.157,0.555,94.999,4
spotify:track:4bycD60yZgR6anIBtmU8UH,"MAÑANA SERÁ BONITO","MAÑANA SERÁ BONITO","KAROL G;Carla Morrison",2023-02-24,210986,68,false,312ctbywossydaez37pttmshkwk4,2026-03-09T13:44:12Z,"reggaeton,latin,urbano latino,latin indie","BICHOTA RECORDS / INTERSCOPE RECORDS / UNIVERSAL MUSIC LATINO",0.77,0.718,8,-4.559,0,0.093,0.484,0.0000341,0.326,0.259,92.029,4
spotify:track:721Lxh9pNJJhNERON4Zjmw,"nana triste","Otras Alas","Natalia Lacunza;Guitarricadelafuente",2019-06-20,187016,64,false,312ctbywossydaez37pttmshkwk4,2026-03-09T13:44:35Z,"","Universal Music Spain S.L.",0.474,0.308,10,-9.411,0,0.0573,0.762,0,0.111,0.418,93.343,4
